operation_id,order_id,sequence,operation_type,required_machine_type,processing_time_per_piece_min,setup_changeover_family,quality_check_required
OPR_001_01,ORD_001,1,TURNING,CNC_LATHE,0.023,TURNING,false
OPR_001_02,ORD_001,2,MILLING,CNC_VMC,0.042,MILLING,false
OPR_001_03,ORD_001,3,DRILLING,RADIAL_DRILL,0.02,DRILLING,false
OPR_001_04,ORD_001,4,CYLINDRICAL_GRINDING,GRINDER,0.14478,GRINDING,false
OPR_001_05,ORD_001,5,INSPECTION,CMM_INSPECTION,0.047,INSPECTION,true
OPR_002_01,ORD_002,1,FACING,CNC_LATHE,0.018,TURNING,false
OPR_002_02,ORD_002,2,TURNING,CNC_LATHE,0.064,TURNING,false
OPR_002_03,ORD_002,3,THREADING,CNC_LATHE,0.058,THREADING,false
OPR_002_04,ORD_002,4,SURFACE_GRINDING,GRINDER,1.03942,GRINDING,false
OPR_002_05,ORD_002,5,INSPECTION,CMM_INSPECTION,0.027,INSPECTION,true
OPR_002_03_RW,ORD_002,3.5,INSPECTION,CMM_INSPECTION,0.027,REWORK,true
OPR_003_01,ORD_003,1,MILLING,CNC_VMC,0.049,MILLING,false
OPR_003_02,ORD_003,2,DRILLING,RADIAL_DRILL,0.073,DRILLING,false
OPR_003_03,ORD_003,3,TAPPING,CNC_VMC,0.04,THREADING,false
OPR_003_04,ORD_003,4,SURFACE_GRINDING,GRINDER,0.25425,GRINDING,false
OPR_003_05,ORD_003,5,INSPECTION,CMM_INSPECTION,0.065,INSPECTION,true
OPR_004_01,ORD_004,1,TURNING,CNC_LATHE,0.024,TURNING,false
OPR_004_02,ORD_004,2,BORING,CNC_LATHE,0.034,BORING,false
OPR_004_03,ORD_004,3,MILLING,CNC_VMC,0.054,MILLING,false
OPR_004_04,ORD_004,4,DRILLING,RADIAL_DRILL,0.039,DRILLING,false
OPR_004_05,ORD_004,5,SURFACE_GRINDING,GRINDER,0.14982,GRINDING,false
OPR_004_06,ORD_004,6,INSPECTION,CMM_INSPECTION,0.03,INSPECTION,true
OPR_005_01,ORD_005,1,FACING,CNC_LATHE,0.033,TURNING,false
OPR_005_02,ORD_005,2,MILLING,CNC_VMC,0.071,MILLING,false
OPR_005_03,ORD_005,3,REAMING,RADIAL_DRILL,0.057,DRILLING,false
OPR_005_04,ORD_005,4,CYLINDRICAL_GRINDING,GRINDER,0.3034,GRINDING,false
OPR_005_05,ORD_005,5,INSPECTION,CMM_INSPECTION,0.036,INSPECTION,true
OPR_006_01,ORD_006,1,TURNING,CNC_LATHE,0.059,TURNING,false
OPR_006_02,ORD_006,2,MILLING,CNC_VMC,0.03,MILLING,false
OPR_006_03,ORD_006,3,DRILLING,RADIAL_DRILL,0.046,DRILLING,false
OPR_006_04,ORD_006,4,CYLINDRICAL_GRINDING,GRINDER,0.81402,GRINDING,false
OPR_006_05,ORD_006,5,INSPECTION,CMM_INSPECTION,0.055,INSPECTION,true
OPR_006_03_RW,ORD_006,3.5,INSPECTION,CMM_INSPECTION,0.055,REWORK,true
OPR_007_01,ORD_007,1,FACING,CNC_LATHE,0.039,TURNING,false
OPR_007_02,ORD_007,2,TURNING,CNC_LATHE,0.075,TURNING,false
OPR_007_03,ORD_007,3,THREADING,CNC_LATHE,0.026,THREADING,false
OPR_007_04,ORD_007,4,SURFACE_GRINDING,GRINDER,0.48127,GRINDING,false
OPR_007_05,ORD_007,5,INSPECTION,CMM_INSPECTION,0.061,INSPECTION,true
OPR_008_01,ORD_008,1,MILLING,CNC_VMC,0.073,MILLING,false
OPR_008_02,ORD_008,2,DRILLING,RADIAL_DRILL,0.067,DRILLING,false
OPR_008_03,ORD_008,3,TAPPING,CNC_VMC,0.019,THREADING,false
OPR_008_04,ORD_008,4,SURFACE_GRINDING,GRINDER,0.57229,GRINDING,false
OPR_008_05,ORD_008,5,INSPECTION,CMM_INSPECTION,0.057,INSPECTION,true
OPR_009_01,ORD_009,1,TURNING,CNC_LATHE,0.061,TURNING,false
OPR_009_02,ORD_009,2,BORING,CNC_LATHE,0.047,BORING,false
OPR_009_03,ORD_009,3,MILLING,CNC_VMC,0.024,MILLING,false
OPR_009_04,ORD_009,4,DRILLING,RADIAL_DRILL,0.054,DRILLING,false
OPR_009_05,ORD_009,5,SURFACE_GRINDING,GRINDER,0.17211,GRINDING,false
OPR_009_06,ORD_009,6,INSPECTION,CMM_INSPECTION,0.047,INSPECTION,true
OPR_010_01,ORD_010,1,FACING,CNC_LATHE,0.019,TURNING,false
OPR_010_02,ORD_010,2,MILLING,CNC_VMC,0.071,MILLING,false
OPR_010_03,ORD_010,3,REAMING,RADIAL_DRILL,0.068,DRILLING,false
OPR_010_04,ORD_010,4,CYLINDRICAL_GRINDING,GRINDER,0.38598,GRINDING,false
OPR_010_05,ORD_010,5,INSPECTION,CMM_INSPECTION,0.036,INSPECTION,true
OPR_010_03_RW,ORD_010,3.5,INSPECTION,CMM_INSPECTION,0.036,REWORK,true
OPR_011_01,ORD_011,1,TURNING,CNC_LATHE,0.025,TURNING,false
OPR_011_02,ORD_011,2,MILLING,CNC_VMC,0.045,MILLING,false
OPR_011_03,ORD_011,3,DRILLING,RADIAL_DRILL,0.049,DRILLING,false
OPR_011_04,ORD_011,4,CYLINDRICAL_GRINDING,GRINDER,0.78805,GRINDING,false
OPR_011_05,ORD_011,5,INSPECTION,CMM_INSPECTION,0.068,INSPECTION,true
OPR_012_01,ORD_012,1,FACING,CNC_LATHE,0.069,TURNING,false
OPR_012_02,ORD_012,2,TURNING,CNC_LATHE,0.044,TURNING,false
OPR_012_03,ORD_012,3,THREADING,CNC_LATHE,0.032,THREADING,false
OPR_012_04,ORD_012,4,SURFACE_GRINDING,GRINDER,0.20697,GRINDING,false
OPR_012_05,ORD_012,5,INSPECTION,CMM_INSPECTION,0.019,INSPECTION,true
OPR_013_01,ORD_013,1,MILLING,CNC_VMC,0.037,MILLING,false
OPR_013_02,ORD_013,2,DRILLING,RADIAL_DRILL,0.047,DRILLING,false
OPR_013_03,ORD_013,3,TAPPING,CNC_VMC,0.034,THREADING,false
OPR_013_04,ORD_013,4,SURFACE_GRINDING,GRINDER,0.16582,GRINDING,false
OPR_013_05,ORD_013,5,INSPECTION,CMM_INSPECTION,0.049,INSPECTION,true
OPR_014_01,ORD_014,1,TURNING,CNC_LATHE,0.045,TURNING,false
OPR_014_02,ORD_014,2,BORING,CNC_LATHE,0.06,BORING,false
OPR_014_03,ORD_014,3,MILLING,CNC_VMC,0.056,MILLING,false
OPR_014_04,ORD_014,4,DRILLING,RADIAL_DRILL,0.074,DRILLING,false
OPR_014_05,ORD_014,5,SURFACE_GRINDING,GRINDER,0.15966,GRINDING,false
OPR_014_06,ORD_014,6,INSPECTION,CMM_INSPECTION,0.041,INSPECTION,true
OPR_014_04_RW,ORD_014,4.5,INSPECTION,CMM_INSPECTION,0.041,REWORK,true
OPR_015_01,ORD_015,1,FACING,CNC_LATHE,0.071,TURNING,false
OPR_015_02,ORD_015,2,MILLING,CNC_VMC,0.043,MILLING,false
OPR_015_03,ORD_015,3,REAMING,RADIAL_DRILL,0.067,DRILLING,false
OPR_015_04,ORD_015,4,CYLINDRICAL_GRINDING,GRINDER,0.25258,GRINDING,false
OPR_015_05,ORD_015,5,INSPECTION,CMM_INSPECTION,0.021,INSPECTION,true
OPR_016_01,ORD_016,1,TURNING,CNC_LATHE,0.04,TURNING,false
OPR_016_02,ORD_016,2,MILLING,CNC_VMC,0.074,MILLING,false
OPR_016_03,ORD_016,3,DRILLING,RADIAL_DRILL,0.033,DRILLING,false
OPR_016_04,ORD_016,4,CYLINDRICAL_GRINDING,GRINDER,0.17081,GRINDING,false
OPR_016_05,ORD_016,5,INSPECTION,CMM_INSPECTION,0.044,INSPECTION,true
OPR_017_01,ORD_017,1,FACING,CNC_LATHE,0.049,TURNING,false
OPR_017_02,ORD_017,2,TURNING,CNC_LATHE,0.061,TURNING,false
OPR_017_03,ORD_017,3,THREADING,CNC_LATHE,0.021,THREADING,false
OPR_017_04,ORD_017,4,SURFACE_GRINDING,GRINDER,0.21014,GRINDING,false
OPR_017_05,ORD_017,5,INSPECTION,CMM_INSPECTION,0.047,INSPECTION,true
OPR_018_01,ORD_018,1,MILLING,CNC_VMC,0.025,MILLING,false
OPR_018_02,ORD_018,2,DRILLING,RADIAL_DRILL,0.069,DRILLING,false
OPR_018_03,ORD_018,3,TAPPING,CNC_VMC,0.032,THREADING,false
OPR_018_04,ORD_018,4,SURFACE_GRINDING,GRINDER,0.17258,GRINDING,false
OPR_018_05,ORD_018,5,INSPECTION,CMM_INSPECTION,0.053,INSPECTION,true
OPR_018_03_RW,ORD_018,3.5,INSPECTION,CMM_INSPECTION,0.053,REWORK,true
OPR_019_01,ORD_019,1,TURNING,CNC_LATHE,0.036,TURNING,false
OPR_019_02,ORD_019,2,BORING,CNC_LATHE,0.061,BORING,false
OPR_019_03,ORD_019,3,MILLING,CNC_VMC,0.022,MILLING,false
OPR_019_04,ORD_019,4,DRILLING,RADIAL_DRILL,0.044,DRILLING,false
OPR_019_05,ORD_019,5,SURFACE_GRINDING,GRINDER,0.21417,GRINDING,false
OPR_019_06,ORD_019,6,INSPECTION,CMM_INSPECTION,0.075,INSPECTION,true
OPR_020_01,ORD_020,1,FACING,CNC_LATHE,0.027,TURNING,false
OPR_020_02,ORD_020,2,MILLING,CNC_VMC,0.066,MILLING,false
OPR_020_03,ORD_020,3,REAMING,RADIAL_DRILL,0.058,DRILLING,false
OPR_020_04,ORD_020,4,CYLINDRICAL_GRINDING,GRINDER,0.71223,GRINDING,false
OPR_020_05,ORD_020,5,INSPECTION,CMM_INSPECTION,0.074,INSPECTION,true
OPR_021_01,ORD_021,1,TURNING,CNC_LATHE,0.025,TURNING,false
OPR_021_02,ORD_021,2,MILLING,CNC_VMC,0.024,MILLING,false
OPR_021_03,ORD_021,3,DRILLING,RADIAL_DRILL,0.05,DRILLING,false
OPR_021_04,ORD_021,4,CYLINDRICAL_GRINDING,GRINDER,0.14213,GRINDING,false
OPR_021_05,ORD_021,5,INSPECTION,CMM_INSPECTION,0.052,INSPECTION,true
OPR_022_01,ORD_022,1,FACING,CNC_LATHE,0.034,TURNING,false
OPR_022_02,ORD_022,2,TURNING,CNC_LATHE,0.018,TURNING,false
OPR_022_03,ORD_022,3,THREADING,CNC_LATHE,0.062,THREADING,false
OPR_022_04,ORD_022,4,SURFACE_GRINDING,GRINDER,0.25097,GRINDING,false
OPR_022_05,ORD_022,5,INSPECTION,CMM_INSPECTION,0.033,INSPECTION,true
OPR_022_03_RW,ORD_022,3.5,INSPECTION,CMM_INSPECTION,0.033,REWORK,true
OPR_023_01,ORD_023,1,MILLING,CNC_VMC,0.066,MILLING,false
OPR_023_02,ORD_023,2,DRILLING,RADIAL_DRILL,0.051,DRILLING,false
OPR_023_03,ORD_023,3,TAPPING,CNC_VMC,0.026,THREADING,false
OPR_023_04,ORD_023,4,SURFACE_GRINDING,GRINDER,0.19987,GRINDING,false
OPR_023_05,ORD_023,5,INSPECTION,CMM_INSPECTION,0.036,INSPECTION,true
OPR_024_01,ORD_024,1,TURNING,CNC_LATHE,0.027,TURNING,false
OPR_024_02,ORD_024,2,BORING,CNC_LATHE,0.071,BORING,false
OPR_024_03,ORD_024,3,MILLING,CNC_VMC,0.067,MILLING,false
OPR_024_04,ORD_024,4,DRILLING,RADIAL_DRILL,0.074,DRILLING,false
OPR_024_05,ORD_024,5,SURFACE_GRINDING,GRINDER,0.92814,GRINDING,false
OPR_024_06,ORD_024,6,INSPECTION,CMM_INSPECTION,0.068,INSPECTION,true
OPR_025_01,ORD_025,1,FACING,CNC_LATHE,0.024,TURNING,false
OPR_025_02,ORD_025,2,MILLING,CNC_VMC,0.068,MILLING,false
OPR_025_03,ORD_025,3,REAMING,RADIAL_DRILL,0.067,DRILLING,false
OPR_025_04,ORD_025,4,CYLINDRICAL_GRINDING,GRINDER,1.05404,GRINDING,false
OPR_025_05,ORD_025,5,INSPECTION,CMM_INSPECTION,0.065,INSPECTION,true
