slot_id,machine_id,machine_type,operator_id,shift_id,order_id,operation_id,sequence,setup_family,setup_time_minutes,start_time,end_time,status,machine_cost,operator_cost,overtime_cost,changeover_cost,explanation,decision_log
SLOT_001,CNC_LATHE_01,CNC_LATHE,OP_002,SH_04_MORNING,ORD_002,OPR_002_01,1.0,TURNING,20.0,2026-09-04T06:20:00,2026-09-04T06:27:20.640000,PLANNED,67.32,10.404,0.0,211.66666666666666,Selected CNC_LATHE_01 / OP_002 at score 281.59; setup 20.0 min.,"{""components"": {""alternative_resource_scarcity"": 0.045454545454545456, ""bottleneck_pressure"": 0.0, ""changeover_cost"": 211.66666666666666, ""due_date_urgency"": 197.54426666666666, ""lateness_cost"": 0.0, ""machine_cost"": 67.32, ""operator_cost"": 10.404, ""operator_scarcity"": 0.09090909090909091, ""reliability_risk"": 0.00017, ""slack"": 197.54426666666666, ""tier_priority"": 2.0, ""utilization_pressure"": 0}, ""score"": 281.5876666666667, ""strategy"": ""CHEAPEST""}"
SLOT_002,CNC_LATHE_01,CNC_LATHE,OP_002,SH_01_MORNING,ORD_025,OPR_025_01,1.0,TURNING,29.0,2026-09-01T06:29:00,2026-09-01T06:38:37.440000,PLANNED,88.22000000000001,13.634000000000002,0.0,306.9166666666667,Selected CNC_LATHE_01 / OP_002 at score 398.55; setup 29.0 min.,"{""components"": {""alternative_resource_scarcity"": 0.045454545454545456, ""bottleneck_pressure"": 0.0021701587301587305, ""changeover_cost"": 306.9166666666667, ""due_date_urgency"": 119.35626666666667, ""lateness_cost"": 0.0, ""machine_cost"": 88.22000000000001, ""operator_cost"": 13.634000000000002, ""operator_scarcity"": 0.09090909090909091, ""reliability_risk"": 0.0002227777777777778, ""slack"": 119.35626666666667, ""tier_priority"": 2.0, ""utilization_pressure"": 1}, ""score"": 398.5451666666667, ""strategy"": ""CHEAPEST""}"
SLOT_003,CNC_LATHE_01,CNC_LATHE,OP_002,SH_05_MORNING,ORD_024,OPR_024_01,1.0,TURNING,29.0,2026-09-05T06:29:00,2026-09-05T06:41:30.060000,PLANNED,114.59249999999999,17.70975,0.0,306.9166666666667,Selected CNC_LATHE_01 / OP_002 at score 425.94; setup 29.0 min.,"{""components"": {""alternative_resource_scarcity"": 0.045454545454545456, ""bottleneck_pressure"": 0.005235555555555557, ""changeover_cost"": 306.9166666666667, ""due_date_urgency"": 5.308316666666666, ""lateness_cost"": 0.0, ""machine_cost"": 114.59249999999999, ""operator_cost"": 17.70975, ""operator_scarcity"": 0.09090909090909091, ""reliability_risk"": 0.000289375, ""slack"": 5.308316666666666, ""tier_priority"": 2.0, ""utilization_pressure"": 2}, ""score"": 425.93660416666665, ""strategy"": ""CHEAPEST""}"
SLOT_004,CNC_LATHE_01,CNC_LATHE,OP_002,SH_03_MORNING,ORD_011,OPR_011_01,1.0,TURNING,29.0,2026-09-03T06:29:00,2026-09-03T06:42:25.500000,PLANNED,123.0625,19.01875,0.0,306.9166666666667,Selected CNC_LATHE_01 / OP_002 at score 434.73; setup 29.0 min.,"{""components"": {""alternative_resource_scarcity"": 0.045454545454545456, ""bottleneck_pressure"": 0.008529285714285715, ""changeover_cost"": 306.9166666666667, ""due_date_urgency"": 185.29291666666666, ""lateness_cost"": 0.0, ""machine_cost"": 123.0625, ""operator_cost"": 19.01875, ""operator_scarcity"": 0.09090909090909091, ""reliability_risk"": 0.0003107638888888889, ""slack"": 185.29291666666666, ""tier_priority"": 2.0, ""utilization_pressure"": 3}, ""score"": 434.7338541666667, ""strategy"": ""CHEAPEST""}"
SLOT_005,CNC_LATHE_01,CNC_LATHE,OP_002,SH_02_MORNING,ORD_010,OPR_010_01,1.0,TURNING,29.0,2026-09-02T06:29:00,2026-09-02T06:50:09.960000,PLANNED,194.02166666666668,29.985166666666668,0.0,306.9166666666667,Selected CNC_LATHE_01 / OP_002 at score 508.43; setup 29.0 min.,"{""components"": {""alternative_resource_scarcity"": 0.045454545454545456, ""bottleneck_pressure"": 0.011896349206349206, ""changeover_cost"": 306.9166666666667, ""due_date_urgency"": 161.1639, ""lateness_cost"": 0.0, ""machine_cost"": 194.02166666666668, ""operator_cost"": 29.985166666666668, ""operator_scarcity"": 0.09090909090909091, ""reliability_risk"": 0.0004899537037037037, ""slack"": 161.1639, ""tier_priority"": 2.0, ""utilization_pressure"": 4}, ""score"": 508.43462500000004, ""strategy"": ""CHEAPEST""}"
SLOT_006,CNC_LATHE_01,CNC_LATHE,OP_002,SH_04_MORNING,ORD_002,OPR_002_02,2.0,TURNING,29.0,2026-09-04T06:56:20.640000,2026-09-04T07:22:27.360000,PLANNED,239.36,36.992000000000004,0.0,306.9166666666667,Selected CNC_LATHE_01 / OP_002 at score 555.52; setup 29.0 min.,"{""components"": {""alternative_resource_scarcity"": 0.045454545454545456, ""bottleneck_pressure"": 0.01587777777777778, ""changeover_cost"": 306.9166666666667, ""due_date_urgency"": 196.62573333333333, ""lateness_cost"": 0.0, ""machine_cost"": 239.36, ""operator_cost"": 36.992000000000004, ""operator_scarcity"": 0.09090909090909091, ""reliability_risk"": 0.0006044444444444446, ""slack"": 196.62573333333333, ""tier_priority"": 2.0, ""utilization_pressure"": 5}, ""score"": 555.5246666666667, ""strategy"": ""CHEAPEST""}"
SLOT_007,CNC_LATHE_01,CNC_LATHE,OP_002,SH_02_MORNING,ORD_006,OPR_006_01,1.0,TURNING,29.0,2026-09-02T07:19:09.960000,2026-09-02T07:50:22.620000,PLANNED,286.10083333333336,44.215583333333335,0.0,306.9166666666667,Selected CNC_LATHE_01 / OP_002 at score 604.07; setup 29.0 min.,"{""components"": {""alternative_resource_scarcity"": 0.045454545454545456, ""bottleneck_pressure"": 0.020251746031746034, ""changeover_cost"": 306.9166666666667, ""due_date_urgency"": 352.1603833333333, ""lateness_cost"": 0.0, ""machine_cost"": 286.10083333333336, ""operator_cost"": 44.215583333333335, ""operator_scarcity"": 0.09090909090909091, ""reliability_risk"": 0.0007224768518518519, ""slack"": 352.1603833333333, ""tier_priority"": 1.0, ""utilization_pressure"": 6}, ""score"": 604.0713958333333, ""strategy"": ""CHEAPEST""}"
SLOT_008,CNC_VMC_01,CNC_VMC,OP_007,SH_02_MORNING,ORD_006,OPR_006_02,2.0,MILLING,20.0,2026-09-02T08:10:22.620000,2026-09-02T08:26:14.820000,PLANNED,211.60000000000002,22.4825,0.0,295.0,Selected CNC_VMC_01 / OP_007 at score 512.22; setup 20.0 min.,"{""components"": {""alternative_resource_scarcity"": 0.05555555555555555, ""bottleneck_pressure"": 0.0, ""changeover_cost"": 295.0, ""due_date_urgency"": 351.56255, ""lateness_cost"": 0.0, ""machine_cost"": 211.60000000000002, ""operator_cost"": 22.4825, ""operator_scarcity"": 0.16666666666666666, ""reliability_risk"": 0.0003778571428571429, ""slack"": 351.56255, ""tier_priority"": 1.0, ""utilization_pressure"": 0}, ""score"": 512.220625, ""strategy"": ""CHEAPEST""}"
SLOT_009,RADIAL_DRILL_01,RADIAL_DRILL,OP_007,SH_02_MORNING,ORD_006,OPR_006_03,3.0,DRILLING,20.0,2026-09-02T08:46:14.820000,2026-09-02T09:10:34.860000,PLANNED,101.39166666666665,34.473166666666664,0.0,111.66666666666666,Selected RADIAL_DRILL_01 / OP_007 at score 221.68; setup 20.0 min.,"{""components"": {""alternative_resource_scarcity"": 0.045454545454545456, ""bottleneck_pressure"": 0.0, ""changeover_cost"": 111.66666666666666, ""due_date_urgency"": 350.82365, ""lateness_cost"": 0.0, ""machine_cost"": 101.39166666666665, ""operator_cost"": 34.473166666666664, ""operator_scarcity"": 0.09090909090909091, ""reliability_risk"": 0.0004269122807017543, ""slack"": 350.82365, ""tier_priority"": 1.0, ""utilization_pressure"": 0}, ""score"": 221.67662499999997, ""strategy"": ""CHEAPEST""}"
SLOT_010,CNC_VMC_02,CNC_VMC,OP_007,SH_03_MORNING,ORD_011,OPR_011_02,2.0,MILLING,20.0,2026-09-03T07:02:25.500000,2026-09-03T07:26:35.400000,PLANNED,322.20000000000005,34.23375000000001,0.0,295.0,Selected CNC_VMC_02 / OP_007 at score 625.76; setup 20.0 min.,"{""components"": {""alternative_resource_scarcity"": 0.05555555555555555, ""bottleneck_pressure"": 0.0, ""changeover_cost"": 295.0, ""due_date_urgency"": 184.55683333333332, ""lateness_cost"": 0.0, ""machine_cost"": 322.20000000000005, ""operator_cost"": 34.23375000000001, ""operator_scarcity"": 0.16666666666666666, ""reliability_risk"": 0.000575357142857143, ""slack"": 184.55683333333332, ""tier_priority"": 2.0, ""utilization_pressure"": 0}, ""score"": 625.7584375, ""strategy"": ""CHEAPEST""}"
SLOT_011,RADIAL_DRILL_02,RADIAL_DRILL,OP_007,SH_03_MORNING,ORD_011,OPR_011_03,3.0,DRILLING,20.0,2026-09-03T07:46:35.400000,2026-09-03T08:12:54.180000,PLANNED,109.6375,37.27675,0.0,111.66666666666666,Selected RADIAL_DRILL_02 / OP_007 at score 230.62; setup 20.0 min.,"{""components"": {""alternative_resource_scarcity"": 0.045454545454545456, ""bottleneck_pressure"": 0.0, ""changeover_cost"": 111.66666666666666, ""due_date_urgency"": 183.78494999999998, ""lateness_cost"": 0.0, ""machine_cost"": 109.6375, ""operator_cost"": 37.27675, ""operator_scarcity"": 0.09090909090909091, ""reliability_risk"": 0.0004616315789473684, ""slack"": 183.78494999999998, ""tier_priority"": 2.0, ""utilization_pressure"": 0}, ""score"": 230.62335416666667, ""strategy"": ""CHEAPEST""}"
SLOT_012,CNC_LATHE_01,CNC_LATHE,OP_002,SH_04_MORNING,ORD_007,OPR_007_01,1.0,TURNING,29.0,2026-09-04T07:51:27.360000,2026-09-04T08:25:58.260000,PLANNED,316.38750000000005,48.89625,0.0,306.9166666666667,Selected CNC_LATHE_01 / OP_002 at score 635.53; setup 29.0 min.,"{""components"": {""alternative_resource_scarcity"": 0.045454545454545456, ""bottleneck_pressure"": 0.025030396825396824, ""changeover_cost"": 306.9166666666667, ""due_date_urgency"": 183.56715, ""lateness_cost"": 0.0, ""machine_cost"": 316.38750000000005, ""operator_cost"": 48.89625, ""operator_scarcity"": 0.09090909090909091, ""reliability_risk"": 0.0007989583333333334, ""slack"": 183.56715, ""tier_priority"": 1.0, ""utilization_pressure"": 7}, ""score"": 635.5282291666667, ""strategy"": ""CHEAPEST""}"
SLOT_013,CNC_VMC_03,CNC_VMC,OP_007,SH_01_MORNING,ORD_025,OPR_025_02,2.0,MILLING,20.0,2026-09-01T06:58:37.440000,2026-09-01T07:25:53.520000,PLANNED,363.5733333333333,38.629666666666665,0.0,295.0,Selected CNC_VMC_03 / OP_007 at score 668.23; setup 20.0 min.,"{""components"": {""alternative_resource_scarcity"": 0.05555555555555555, ""bottleneck_pressure"": 0.0, ""changeover_cost"": 295.0, ""due_date_urgency"": 118.56846666666667, ""lateness_cost"": 0.0, ""machine_cost"": 363.5733333333333, ""operator_cost"": 38.629666666666665, ""operator_scarcity"": 0.16666666666666666, ""reliability_risk"": 0.0006492380952380952, ""slack"": 118.56846666666667, ""tier_priority"": 2.0, ""utilization_pressure"": 0}, ""score"": 668.23075, ""strategy"": ""CHEAPEST""}"
SLOT_014,RADIAL_DRILL_01,RADIAL_DRILL,OP_007,SH_01_MORNING,ORD_025,OPR_025_03,3.0,DRILLING,27.0,2026-09-01T07:52:53.520000,2026-09-01T08:19:45.540000,PLANNED,111.94583333333333,38.06158333333333,0.0,150.75,Selected RADIAL_DRILL_01 / OP_007 at score 272.21; setup 27.0 min.,"{""components"": {""alternative_resource_scarcity"": 0.045454545454545456, ""bottleneck_pressure"": 0.0035185714285714286, ""changeover_cost"": 150.75, ""due_date_urgency"": 117.67068333333334, ""lateness_cost"": 0.0, ""machine_cost"": 111.94583333333333, ""operator_cost"": 38.06158333333333, ""operator_scarcity"": 0.09090909090909091, ""reliability_risk"": 0.0004713508771929824, ""slack"": 117.67068333333334, ""tier_priority"": 2.0, ""utilization_pressure"": 1}, ""score"": 272.21122916666667, ""strategy"": ""CHEAPEST""}"
SLOT_015,CNC_LATHE_01,CNC_LATHE,OP_002,SH_03_MORNING,ORD_005,OPR_005_01,1.0,TURNING,29.0,2026-09-03T07:11:25.500000,2026-09-03T07:57:23.640000,PLANNED,421.3825,65.12275,0.0,306.9166666666667,Selected CNC_LATHE_01 / OP_002 at score 744.58; setup 29.0 min.,"{""components"": {""alternative_resource_scarcity"": 0.045454545454545456, ""bottleneck_pressure"": 0.030071269841269843, ""changeover_cost"": 306.9166666666667, ""due_date_urgency"": 316.0434333333334, ""lateness_cost"": 0.0, ""machine_cost"": 421.3825, ""operator_cost"": 65.12275, ""operator_scarcity"": 0.09090909090909091, ""reliability_risk"": 0.0010640972222222224, ""slack"": 316.0434333333334, ""tier_priority"": 1.0, ""utilization_pressure"": 8}, ""score"": 744.5798541666667, ""strategy"": ""CHEAPEST""}"
SLOT_016,CNC_LATHE_02,CNC_LATHE,OP_009,SH_04_MORNING,ORD_002,OPR_002_03,3.0,THREADING,20.0,2026-09-04T07:42:27.360000,2026-09-04T08:06:07.200000,PLANNED,433.84,33.524,0.0,395.0,Selected CNC_LATHE_02 / OP_009 at score 837.22; setup 20.0 min.,"{""components"": {""alternative_resource_scarcity"": 0.045454545454545456, ""bottleneck_pressure"": 0.0, ""changeover_cost"": 395.0, ""due_date_urgency"": 195.89800000000002, ""lateness_cost"": 0.0, ""machine_cost"": 433.84, ""operator_cost"": 33.524, ""operator_scarcity"": 0.09090909090909091, ""reliability_risk"": 0.0006067692307692307, ""slack"": 195.89800000000002, ""tier_priority"": 2.0, ""utilization_pressure"": 0}, ""score"": 837.221, ""strategy"": ""CHEAPEST""}"
SLOT_017,CNC_LATHE_01,CNC_LATHE,OP_002,SH_02_MORNING,ORD_022,OPR_022_01,1.0,TURNING,29.0,2026-09-02T08:19:22.620000,2026-09-02T09:17:18.780000,PLANNED,531.08,82.07600000000001,0.0,306.9166666666667,Selected CNC_LATHE_01 / OP_002 at score 858.52; setup 29.0 min.,"{""components"": {""alternative_resource_scarcity"": 0.045454545454545456, ""bottleneck_pressure"": 0.03602119047619048, ""changeover_cost"": 306.9166666666667, ""due_date_urgency"": 98.71145, ""lateness_cost"": 0.0, ""machine_cost"": 531.08, ""operator_cost"": 82.07600000000001, ""operator_scarcity"": 0.09090909090909091, ""reliability_risk"": 0.0013411111111111113, ""slack"": 98.71145, ""tier_priority"": 3.0, ""utilization_pressure"": 9}, ""score"": 858.5156666666667, ""strategy"": ""CHEAPEST""}"
SLOT_018,CNC_LATHE_01,CNC_LATHE,OP_002,SH_02_MORNING,ORD_022,OPR_022_02,2.0,TURNING,29.0,2026-09-02T09:46:18.780000,2026-09-02T10:16:59.100000,PLANNED,281.15999999999997,43.452,0.0,306.9166666666667,Selected CNC_LATHE_01 / OP_002 at score 598.94; setup 29.0 min.,"{""components"": {""alternative_resource_scarcity"": 0.045454545454545456, ""bottleneck_pressure"": 0.042920873015873016, ""changeover_cost"": 306.9166666666667, ""due_date_urgency"": 97.71691666666668, ""lateness_cost"": 0.0, ""machine_cost"": 281.15999999999997, ""operator_cost"": 43.452, ""operator_scarcity"": 0.09090909090909091, ""reliability_risk"": 0.00071, ""slack"": 97.71691666666668, ""tier_priority"": 3.0, ""utilization_pressure"": 10}, ""score"": 598.9396666666667, ""strategy"": ""CHEAPEST""}"
SLOT_019,CNC_LATHE_01,CNC_LATHE,OP_006,SH_05_NIGHT,ORD_020,OPR_020_01,1.0,TURNING,29.0,2026-09-06T00:29:00,2026-09-06T00:45:12,PLANNED,148.5,33.75,16.875,326.25,Selected CNC_LATHE_01 / OP_006 at score 937.05; setup 29.0 min.,"{""components"": {""alternative_resource_scarcity"": 0.045454545454545456, ""bottleneck_pressure"": 0.04765674603174603, ""changeover_cost"": 326.25, ""due_date_urgency"": 0.0, ""lateness_cost"": 453.8638996527778, ""machine_cost"": 148.5, ""operator_cost"": 33.75, ""operator_scarcity"": 0.09090909090909091, ""reliability_risk"": 0.00037500000000000006, ""slack"": 0.0, ""tier_priority"": 1.0, ""utilization_pressure"": 11}, ""score"": 937.0513996527777, ""strategy"": ""CHEAPEST""}"
SLOT_020,CNC_LATHE_01,CNC_LATHE,OP_002,SH_04_MORNING,ORD_007,OPR_007_02,2.0,TURNING,29.0,2026-09-04T08:54:58.260000,2026-09-04T10:01:20.760000,PLANNED,608.4375,94.03125,0.0,306.9166666666667,Selected CNC_LATHE_01 / OP_002 at score 938.86; setup 29.0 min.,"{""components"": {""alternative_resource_scarcity"": 0.045454545454545456, ""bottleneck_pressure"": 0.05124404761904762, ""changeover_cost"": 306.9166666666667, ""due_date_urgency"": 181.97756666666666, ""lateness_cost"": 0.0, ""machine_cost"": 608.4375, ""operator_cost"": 94.03125, ""operator_scarcity"": 0.09090909090909091, ""reliability_risk"": 0.0015364583333333333, ""slack"": 181.97756666666666, ""tier_priority"": 1.0, ""utilization_pressure"": 12}, ""score"": 938.8619791666667, ""strategy"": ""CHEAPEST""}"
SLOT_021,CNC_LATHE_02,CNC_LATHE,OP_002,SH_04_MORNING,ORD_007,OPR_007_03,3.0,THREADING,15.0,2026-09-04T10:16:20.760000,2026-09-04T10:39:21.360000,PLANNED,421.84999999999997,32.5975,0.0,296.25,Selected CNC_LATHE_02 / OP_002 at score 726.25; setup 15.0 min.,"{""components"": {""alternative_resource_scarcity"": 0.045454545454545456, ""bottleneck_pressure"": 0.0034653968253968255, ""changeover_cost"": 296.25, ""due_date_urgency"": 181.34406666666666, ""lateness_cost"": 0.0, ""machine_cost"": 421.84999999999997, ""operator_cost"": 32.5975, ""operator_scarcity"": 0.09090909090909091, ""reliability_risk"": 0.0005899999999999999, ""slack"": 181.34406666666666, ""tier_priority"": 1.0, ""utilization_pressure"": 1}, ""score"": 726.249375, ""strategy"": ""CHEAPEST""}"
SLOT_022,CNC_LATHE_01,CNC_LATHE,OP_002,SH_01_MORNING,ORD_001,OPR_001_01,1.0,TURNING,29.0,2026-09-01T07:07:37.440000,2026-09-01T08:14:45.660000,PLANNED,615.4224999999999,95.11075,0.0,306.9166666666667,Selected CNC_LATHE_01 / OP_002 at score 946.12; setup 29.0 min.,"{""components"": {""alternative_resource_scarcity"": 0.045454545454545456, ""bottleneck_pressure"": 0.05881349206349207, ""changeover_cost"": 306.9166666666667, ""due_date_urgency"": 243.75398333333334, ""lateness_cost"": 0.0, ""machine_cost"": 615.4224999999999, ""operator_cost"": 95.11075, ""operator_scarcity"": 0.09090909090909091, ""reliability_risk"": 0.0015540972222222221, ""slack"": 243.75398333333334, ""tier_priority"": 3.0, ""utilization_pressure"": 13}, ""score"": 946.1168541666666, ""strategy"": ""CHEAPEST""}"
SLOT_023,CNC_LATHE_01,CNC_LATHE,OP_002,SH_05_MORNING,ORD_004,OPR_004_01,1.0,TURNING,29.0,2026-09-05T07:10:30.060000,2026-09-05T08:18:29.580000,PLANNED,623.26,96.322,0.0,306.9166666666667,Selected CNC_LATHE_01 / OP_002 at score 954.26; setup 29.0 min.,"{""components"": {""alternative_resource_scarcity"": 0.045454545454545456, ""bottleneck_pressure"": 0.0664434126984127, ""changeover_cost"": 306.9166666666667, ""due_date_urgency"": 231.69178333333335, ""lateness_cost"": 0.0, ""machine_cost"": 623.26, ""operator_cost"": 96.322, ""operator_scarcity"": 0.09090909090909091, ""reliability_risk"": 0.001573888888888889, ""slack"": 231.69178333333335, ""tier_priority"": 2.0, ""utilization_pressure"": 14}, ""score"": 954.2571666666666, ""strategy"": ""CHEAPEST""}"
SLOT_024,CNC_LATHE_01,CNC_LATHE,OP_002,SH_05_MORNING,ORD_019,OPR_019_01,1.0,TURNING,29.0,2026-09-05T08:47:29.580000,2026-09-05T10:00:06.300000,PLANNED,665.6100000000001,102.86700000000002,0.0,306.9166666666667,Selected CNC_LATHE_01 / OP_002 at score 998.24; setup 29.0 min.,"{""components"": {""alternative_resource_scarcity"": 0.045454545454545456, ""bottleneck_pressure"": 0.07414119047619049, ""changeover_cost"": 306.9166666666667, ""due_date_urgency"": 19.99825, ""lateness_cost"": 0.0, ""machine_cost"": 665.6100000000001, ""operator_cost"": 102.86700000000002, ""operator_scarcity"": 0.09090909090909091, ""reliability_risk"": 0.0016808333333333337, ""slack"": 19.99825, ""tier_priority"": 1.0, ""utilization_pressure"": 15}, ""score"": 998.2434166666668, ""strategy"": ""CHEAPEST""}"
SLOT_025,CNC_LATHE_01,CNC_LATHE,OP_002,SH_03_MORNING,ORD_021,OPR_021_01,1.0,TURNING,29.0,2026-09-03T08:26:23.640000,2026-09-03T09:40:50.640000,PLANNED,682.4583333333333,105.47083333333333,0.0,306.9166666666667,Selected CNC_LATHE_01 / OP_002 at score 1015.74; setup 29.0 min.,"{""components"": {""alternative_resource_scarcity"": 0.045454545454545456, ""bottleneck_pressure"": 0.08220563492063493, ""changeover_cost"": 306.9166666666667, ""due_date_urgency"": 26.319266666666667, ""lateness_cost"": 0.0, ""machine_cost"": 682.4583333333333, ""operator_cost"": 105.47083333333333, ""operator_scarcity"": 0.09090909090909091, ""reliability_risk"": 0.0017233796296296296, ""slack"": 26.319266666666667, ""tier_priority"": 1.0, ""utilization_pressure"": 16}, ""score"": 1015.7427083333333, ""strategy"": ""CHEAPEST""}"
SLOT_026,CNC_VMC_01,CNC_VMC,OP_010,SH_03_NIGHT,ORD_008,OPR_008_01,1.0,MILLING,27.0,2026-09-04T00:27:00,2026-09-04T01:21:40.620000,PLANNED,729.0266666666666,77.45908333333334,38.72954166666667,398.25,Selected CNC_VMC_01 / OP_010 at score 1146.64; setup 27.0 min.,"{""components"": {""alternative_resource_scarcity"": 0.05555555555555555, ""bottleneck_pressure"": 0.0028468253968253966, ""changeover_cost"": 398.25, ""due_date_urgency"": 34.63871666666667, ""lateness_cost"": 0.0, ""machine_cost"": 729.0266666666666, ""operator_cost"": 77.45908333333334, ""operator_scarcity"": 0.16666666666666666, ""reliability_risk"": 0.0013018333333333332, ""slack"": 34.63871666666667, ""tier_priority"": 3.0, ""utilization_pressure"": 1}, ""score"": 1146.6414375, ""strategy"": ""CHEAPEST""}"
SLOT_027,RADIAL_DRILL_01,RADIAL_DRILL,OP_007,SH_04_MORNING,ORD_008,OPR_008_02,2.0,DRILLING,27.0,2026-09-04T06:27:00,2026-09-04T07:17:10.980000,PLANNED,209.09583333333333,71.09258333333334,0.0,150.75,Selected RADIAL_DRILL_01 / OP_007 at score 377.62; setup 27.0 min.,"{""components"": {""alternative_resource_scarcity"": 0.045454545454545456, ""bottleneck_pressure"": 0.00779373015873016, ""changeover_cost"": 150.75, ""due_date_urgency"": 28.713616666666667, ""lateness_cost"": 0.0, ""machine_cost"": 209.09583333333333, ""operator_cost"": 71.09258333333334, ""operator_scarcity"": 0.09090909090909091, ""reliability_risk"": 0.0008804035087719298, ""slack"": 28.713616666666667, ""tier_priority"": 3.0, ""utilization_pressure"": 2}, ""score"": 377.6189791666667, ""strategy"": ""CHEAPEST""}"
SLOT_028,CNC_VMC_01,CNC_VMC,OP_010,SH_01_NIGHT,ORD_018,OPR_018_01,1.0,MILLING,27.0,2026-09-02T00:27:00,2026-09-02T01:28:52.500000,PLANNED,825.0,87.65625,43.828125,398.25,Selected CNC_VMC_01 / OP_010 at score 1245.16; setup 27.0 min.,"{""components"": {""alternative_resource_scarcity"": 0.05555555555555555, ""bottleneck_pressure"": 0.009329126984126983, ""changeover_cost"": 398.25, ""due_date_urgency"": 130.51875, ""lateness_cost"": 0.0, ""machine_cost"": 825.0, ""operator_cost"": 87.65625, ""operator_scarcity"": 0.16666666666666666, ""reliability_risk"": 0.0014732142857142858, ""slack"": 130.51875, ""tier_priority"": 2.0, ""utilization_pressure"": 2}, ""score"": 1245.1640625, ""strategy"": ""CHEAPEST""}"
SLOT_029,RADIAL_DRILL_02,RADIAL_DRILL,OP_013,SH_02_MORNING,ORD_018,OPR_018_02,2.0,DRILLING,27.0,2026-09-02T06:27:00,2026-09-02T09:17:46.500000,PLANNED,711.5625,241.93125,0.0,150.75,Selected RADIAL_DRILL_02 / OP_013 at score 922.80; setup 27.0 min.,"{""components"": {""alternative_resource_scarcity"": 0.045454545454545456, ""bottleneck_pressure"": 0.003675634920634921, ""changeover_cost"": 150.75, ""due_date_urgency"": 122.70375, ""lateness_cost"": 0.0, ""machine_cost"": 711.5625, ""operator_cost"": 241.93125, ""operator_scarcity"": 0.09090909090909091, ""reliability_risk"": 0.002996052631578947, ""slack"": 122.70375, ""tier_priority"": 2.0, ""utilization_pressure"": 1}, ""score"": 922.7953125, ""strategy"": ""CHEAPEST""}"
SLOT_030,CNC_LATHE_01,CNC_LATHE,OP_002,SH_03_MORNING,ORD_017,OPR_017_01,1.0,TURNING,29.0,2026-09-03T10:09:50.640000,2026-09-03T11:49:24.720000,PLANNED,912.7066666666667,141.05466666666666,0.0,306.9166666666667,Selected CNC_LATHE_01 / OP_002 at score 1254.89; setup 29.0 min.,"{""components"": {""alternative_resource_scarcity"": 0.045454545454545456, ""bottleneck_pressure"": 0.09041595238095237, ""changeover_cost"": 306.9166666666667, ""due_date_urgency"": 192.17646666666667, ""lateness_cost"": 0.0, ""machine_cost"": 912.7066666666667, ""operator_cost"": 141.05466666666666, ""operator_scarcity"": 0.09090909090909091, ""reliability_risk"": 0.0023048148148148147, ""slack"": 192.17646666666667, ""tier_priority"": 2.0, ""utilization_pressure"": 17}, ""score"": 1254.8870000000002, ""strategy"": ""CHEAPEST""}"
SLOT_031,CNC_LATHE_01,CNC_LATHE,OP_009,SH_04_MORNING,ORD_016,OPR_016_01,1.0,TURNING,29.0,2026-09-04T10:30:20.760000,2026-09-04T12:10:54.360000,PLANNED,921.8000000000001,142.46,0.0,306.9166666666667,Selected CNC_LATHE_01 / OP_009 at score 1264.33; setup 29.0 min.,"{""components"": {""alternative_resource_scarcity"": 0.045454545454545456, ""bottleneck_pressure"": 0.1006197619047619, ""changeover_cost"": 306.9166666666667, ""due_date_urgency"": 59.81823333333334, ""lateness_cost"": 0.0, ""machine_cost"": 921.8000000000001, ""operator_cost"": 142.46, ""operator_scarcity"": 0.09090909090909091, ""reliability_risk"": 0.002327777777777778, ""slack"": 59.81823333333334, ""tier_priority"": 2.0, ""utilization_pressure"": 18}, ""score"": 1264.3316666666667, ""strategy"": ""CHEAPEST""}"
SLOT_032,CNC_VMC_01,CNC_VMC,OP_007,SH_03_MORNING,ORD_021,OPR_021_02,2.0,MILLING,27.0,2026-09-03T10:07:50.640000,2026-09-03T11:19:18.960000,PLANNED,952.9599999999998,101.25199999999998,0.0,398.25,Selected CNC_VMC_01 / OP_007 at score 1376.52; setup 27.0 min.,"{""components"": {""alternative_resource_scarcity"": 0.05555555555555555, ""bottleneck_pressure"": 0.016382698412698415, ""changeover_cost"": 398.25, ""due_date_urgency"": 24.678066666666666, ""lateness_cost"": 0.0, ""machine_cost"": 952.9599999999998, ""operator_cost"": 101.25199999999998, ""operator_scarcity"": 0.16666666666666666, ""reliability_risk"": 0.0017017142857142854, ""slack"": 24.678066666666666, ""tier_priority"": 1.0, ""utilization_pressure"": 3}, ""score"": 1376.523, ""strategy"": ""CHEAPEST""}"
SLOT_033,RADIAL_DRILL_01,RADIAL_DRILL,OP_007,SH_03_AFTERNOON,ORD_021,OPR_021_03,3.0,DRILLING,27.0,2026-09-03T14:27:00,2026-09-03T16:55:54,PLANNED,620.4166666666666,210.94166666666666,0.0,150.75,Selected RADIAL_DRILL_01 / OP_007 at score 823.90; setup 27.0 min.,"{""components"": {""alternative_resource_scarcity"": 0.045454545454545456, ""bottleneck_pressure"": 0.01391936507936508, ""changeover_cost"": 150.75, ""due_date_urgency"": 19.06833333333333, ""lateness_cost"": 0.0, ""machine_cost"": 620.4166666666666, ""operator_cost"": 210.94166666666666, ""operator_scarcity"": 0.09090909090909091, ""reliability_risk"": 0.0026122807017543857, ""slack"": 19.06833333333333, ""tier_priority"": 1.0, ""utilization_pressure"": 3}, ""score"": 823.9020833333333, ""strategy"": ""CHEAPEST""}"
SLOT_034,CNC_VMC_01,CNC_VMC,OP_010,SH_05_NIGHT,ORD_020,OPR_020_02,2.0,MILLING,27.0,2026-09-06T01:12:12,2026-09-06T01:51:48,PLANNED,528.0,56.1,28.05,398.25,Selected CNC_VMC_01 / OP_010 at score 1433.64; setup 27.0 min.,"{""components"": {""alternative_resource_scarcity"": 0.05555555555555555, ""bottleneck_pressure"": 0.024197936507936505, ""changeover_cost"": 398.25, ""due_date_urgency"": 0.0, ""lateness_cost"": 493.3664293402778, ""machine_cost"": 528.0, ""operator_cost"": 56.1, ""operator_scarcity"": 0.16666666666666666, ""reliability_risk"": 0.0009428571428571429, ""slack"": 0.0, ""tier_priority"": 1.0, ""utilization_pressure"": 4}, ""score"": 1433.641429340278, ""strategy"": ""CHEAPEST""}"
SLOT_035,RADIAL_DRILL_01,RADIAL_DRILL,OP_006,SH_05_NIGHT,ORD_020,OPR_020_03,3.0,DRILLING,27.0,2026-09-06T02:18:48,2026-09-06T02:53:36,PLANNED,145.0,72.5,36.25,168.75,Selected RADIAL_DRILL_01 / OP_006 at score 861.90; setup 27.0 min.,"{""components"": {""alternative_resource_scarcity"": 0.045454545454545456, ""bottleneck_pressure"": 0.027879682539682538, ""changeover_cost"": 168.75, ""due_date_urgency"": 0.0, ""lateness_cost"": 530.0219298611111, ""machine_cost"": 145.0, ""operator_cost"": 72.5, ""operator_scarcity"": 0.09090909090909091, ""reliability_risk"": 0.0006105263157894736, ""slack"": 0.0, ""tier_priority"": 1.0, ""utilization_pressure"": 4}, ""score"": 861.8969298611111, ""strategy"": ""CHEAPEST""}"
SLOT_036,CNC_LATHE_01,CNC_LATHE,OP_002,SH_04_AFTERNOON,ORD_014,OPR_014_01,1.0,TURNING,29.0,2026-09-04T14:29:00,2026-09-04T16:27:42.600000,PLANNED,1088.1750000000002,168.1725,0.0,306.9166666666667,Selected CNC_LATHE_01 / OP_002 at score 1437.13; setup 29.0 min.,"{""components"": {""alternative_resource_scarcity"": 0.045454545454545456, ""bottleneck_pressure"": 0.11090230158730159, ""changeover_cost"": 306.9166666666667, ""due_date_urgency"": 127.53816666666667, ""lateness_cost"": 0.0, ""machine_cost"": 1088.1750000000002, ""operator_cost"": 168.1725, ""operator_scarcity"": 0.09090909090909091, ""reliability_risk"": 0.002747916666666667, ""slack"": 127.53816666666667, ""tier_priority"": 1.0, ""utilization_pressure"": 19}, ""score"": 1437.1347916666668, ""strategy"": ""CHEAPEST""}"
SLOT_037,CNC_LATHE_01,CNC_LATHE,OP_002,SH_03_AFTERNOON,ORD_015,OPR_015_01,1.0,TURNING,29.0,2026-09-03T14:29:00,2026-09-03T16:28:55.140000,PLANNED,1099.2575,169.88525,0.0,306.9166666666667,Selected CNC_LATHE_01 / OP_002 at score 1448.65; setup 29.0 min.,"{""components"": {""alternative_resource_scarcity"": 0.045454545454545456, ""bottleneck_pressure"": 0.12262531746031746, ""changeover_cost"": 306.9166666666667, ""due_date_urgency"": 103.51801666666667, ""lateness_cost"": 0.0, ""machine_cost"": 1099.2575, ""operator_cost"": 169.88525, ""operator_scarcity"": 0.09090909090909091, ""reliability_risk"": 0.0027759027777777777, ""slack"": 103.51801666666667, ""tier_priority"": 3.0, ""utilization_pressure"": 20}, ""score"": 1448.6454791666665, ""strategy"": ""CHEAPEST""}"
SLOT_038,CNC_VMC_01,CNC_VMC,OP_010,SH_03_AFTERNOON,ORD_015,OPR_015_02,2.0,MILLING,27.0,2026-09-03T16:55:55.140000,2026-09-03T18:08:32.760000,PLANNED,968.36,102.88825,0.0,398.25,Selected CNC_VMC_01 / OP_010 at score 1392.33; setup 27.0 min.,"{""components"": {""alternative_resource_scarcity"": 0.05555555555555555, ""bottleneck_pressure"": 0.029483650793650795, ""changeover_cost"": 398.25, ""due_date_urgency"": 101.85756666666667, ""lateness_cost"": 0.0, ""machine_cost"": 968.36, ""operator_cost"": 102.88825, ""operator_scarcity"": 0.16666666666666666, ""reliability_risk"": 0.0017292142857142857, ""slack"": 101.85756666666667, ""tier_priority"": 3.0, ""utilization_pressure"": 5}, ""score"": 1392.3320625000001, ""strategy"": ""CHEAPEST""}"
SLOT_039,RADIAL_DRILL_01,RADIAL_DRILL,OP_007,SH_03_AFTERNOON,ORD_015,OPR_015_03,3.0,DRILLING,27.0,2026-09-03T18:35:32.760000,2026-09-03T20:28:42.540000,PLANNED,471.5125,160.31425,0.0,150.75,Selected RADIAL_DRILL_01 / OP_007 at score 662.34; setup 27.0 min.,"{""components"": {""alternative_resource_scarcity"": 0.045454545454545456, ""bottleneck_pressure"": 0.03278444444444444, ""changeover_cost"": 150.75, ""due_date_urgency"": 99.52151666666667, ""lateness_cost"": 0.0, ""machine_cost"": 471.5125, ""operator_cost"": 160.31425, ""operator_scarcity"": 0.09090909090909091, ""reliability_risk"": 0.001985315789473684, ""slack"": 99.52151666666667, ""tier_priority"": 3.0, ""utilization_pressure"": 5}, ""score"": 662.3410625, ""strategy"": ""CHEAPEST""}"
SLOT_040,CNC_VMC_02,CNC_VMC,OP_010,SH_02_MORNING,ORD_010,OPR_010_02,2.0,MILLING,27.0,2026-09-02T07:17:09.960000,2026-09-02T08:36:15.600000,PLANNED,1054.5866666666666,112.04983333333334,0.0,398.25,Selected CNC_VMC_02 / OP_010 at score 1480.85; setup 27.0 min.,"{""components"": {""alternative_resource_scarcity"": 0.05555555555555555, ""bottleneck_pressure"": 0.00350515873015873, ""changeover_cost"": 398.25, ""due_date_urgency"": 159.39566666666667, ""lateness_cost"": 0.0, ""machine_cost"": 1054.5866666666666, ""operator_cost"": 112.04983333333334, ""operator_scarcity"": 0.16666666666666666, ""reliability_risk"": 0.0018831904761904762, ""slack"": 159.39566666666667, ""tier_priority"": 2.0, ""utilization_pressure"": 1}, ""score"": 1480.849125, ""strategy"": ""CHEAPEST""}"
SLOT_041,RADIAL_DRILL_01,RADIAL_DRILL,OP_007,SH_02_MORNING,ORD_010,OPR_010_03,3.0,DRILLING,27.0,2026-09-02T09:37:34.860000,2026-09-02T10:53:19.980000,PLANNED,315.6333333333333,107.31533333333333,0.0,150.75,Selected RADIAL_DRILL_01 / OP_007 at score 493.21; setup 27.0 min.,"{""components"": {""alternative_resource_scarcity"": 0.045454545454545456, ""bottleneck_pressure"": 0.043908492063492066, ""changeover_cost"": 150.75, ""due_date_urgency"": 157.11111666666667, ""lateness_cost"": 0.0, ""machine_cost"": 315.6333333333333, ""operator_cost"": 107.31533333333333, ""operator_scarcity"": 0.09090909090909091, ""reliability_risk"": 0.0013289824561403508, ""slack"": 157.11111666666667, ""tier_priority"": 2.0, ""utilization_pressure"": 6}, ""score"": 493.21216666666663, ""strategy"": ""CHEAPEST""}"
SLOT_042,CNC_LATHE_01,CNC_LATHE,OP_002,SH_03_AFTERNOON,ORD_017,OPR_017_02,2.0,TURNING,29.0,2026-09-03T16:57:55.140000,2026-09-03T19:01:52.260000,PLANNED,1136.2266666666667,175.59866666666665,0.0,306.9166666666667,Selected CNC_LATHE_01 / OP_002 at score 1487.04; setup 29.0 min.,"{""components"": {""alternative_resource_scarcity"": 0.045454545454545456, ""bottleneck_pressure"": 0.1344442857142857, ""changeover_cost"": 306.9166666666667, ""due_date_urgency"": 184.96881666666667, ""lateness_cost"": 0.0, ""machine_cost"": 1136.2266666666667, ""operator_cost"": 175.59866666666665, ""operator_scarcity"": 0.09090909090909091, ""reliability_risk"": 0.0028692592592592593, ""slack"": 184.96881666666667, ""tier_priority"": 2.0, ""utilization_pressure"": 21}, ""score"": 1487.0430000000001, ""strategy"": ""CHEAPEST""}"
SLOT_043,CNC_LATHE_02,CNC_LATHE,OP_002,SH_03_AFTERNOON,ORD_017,OPR_017_03,3.0,THREADING,15.0,2026-09-03T19:16:52.260000,2026-09-03T19:59:32.580000,PLANNED,782.32,60.452000000000005,0.0,296.25,Selected CNC_LATHE_02 / OP_002 at score 1093.68; setup 15.0 min.,"{""components"": {""alternative_resource_scarcity"": 0.045454545454545456, ""bottleneck_pressure"": 0.006482063492063492, ""changeover_cost"": 296.25, ""due_date_urgency"": 184.00761666666668, ""lateness_cost"": 0.0, ""machine_cost"": 782.32, ""operator_cost"": 60.452000000000005, ""operator_scarcity"": 0.09090909090909091, ""reliability_risk"": 0.0010941538461538463, ""slack"": 184.00761666666668, ""tier_priority"": 2.0, ""utilization_pressure"": 2}, ""score"": 1093.683, ""strategy"": ""CHEAPEST""}"
SLOT_044,CNC_VMC_01,CNC_VMC,OP_010,SH_02_NIGHT,ORD_003,OPR_003_01,1.0,MILLING,27.0,2026-09-03T00:27:00,2026-09-03T01:49:13.320000,PLANNED,1096.2933333333333,116.48116666666665,58.240583333333326,398.25,Selected CNC_VMC_01 / OP_010 at score 1523.66; setup 27.0 min.,"{""components"": {""alternative_resource_scarcity"": 0.05555555555555555, ""bottleneck_pressure"": 0.03739055555555556, ""changeover_cost"": 398.25, ""due_date_urgency"": 196.17963333333336, ""lateness_cost"": 0.0, ""machine_cost"": 1096.2933333333333, ""operator_cost"": 116.48116666666665, ""operator_scarcity"": 0.16666666666666666, ""reliability_risk"": 0.0019576666666666666, ""slack"": 196.17963333333336, ""tier_priority"": 2.0, ""utilization_pressure"": 6}, ""score"": 1523.663625, ""strategy"": ""CHEAPEST""}"
SLOT_045,RADIAL_DRILL_01,RADIAL_DRILL,OP_013,SH_03_MORNING,ORD_003,OPR_003_02,2.0,DRILLING,27.0,2026-09-03T06:27:00,2026-09-03T08:29:29.640000,PLANNED,510.3916666666667,173.5331666666667,0.0,150.75,Selected RADIAL_DRILL_01 / OP_013 at score 704.52; setup 27.0 min.,"{""components"": {""alternative_resource_scarcity"": 0.045454545454545456, ""bottleneck_pressure"": 0.0520634126984127, ""changeover_cost"": 150.75, ""due_date_urgency"": 189.50843333333333, ""lateness_cost"": 0.0, ""machine_cost"": 510.3916666666667, ""operator_cost"": 173.5331666666667, ""operator_scarcity"": 0.09090909090909091, ""reliability_risk"": 0.002149017543859649, ""slack"": 189.50843333333333, ""tier_priority"": 2.0, ""utilization_pressure"": 7}, ""score"": 704.5249583333334, ""strategy"": ""CHEAPEST""}"
SLOT_046,CNC_LATHE_01,CNC_LATHE,OP_002,SH_04_AFTERNOON,ORD_012,OPR_012_01,1.0,TURNING,29.0,2026-09-04T16:56:42.600000,2026-09-04T19:16:59.220000,PLANNED,1285.8725000000002,198.72575,0.0,306.9166666666667,Selected CNC_LATHE_01 / OP_002 at score 1642.47; setup 29.0 min.,"{""components"": {""alternative_resource_scarcity"": 0.045454545454545456, ""bottleneck_pressure"": 0.14658333333333332, ""changeover_cost"": 306.9166666666667, ""due_date_urgency"": 160.71688333333333, ""lateness_cost"": 0.0, ""machine_cost"": 1285.8725000000002, ""operator_cost"": 198.72575, ""operator_scarcity"": 0.09090909090909091, ""reliability_risk"": 0.003247152777777778, ""slack"": 160.71688333333333, ""tier_priority"": 1.0, ""utilization_pressure"": 22}, ""score"": 1642.4706041666668, ""strategy"": ""CHEAPEST""}"
SLOT_047,CNC_LATHE_01,CNC_LATHE,OP_002,SH_04_AFTERNOON,ORD_012,OPR_012_02,2.0,TURNING,29.0,2026-09-04T19:45:59.220000,2026-09-04T21:15:26.340000,PLANNED,819.9766666666666,126.72366666666666,0.0,306.9166666666667,Selected CNC_LATHE_01 / OP_002 at score 1158.57; setup 29.0 min.,"{""components"": {""alternative_resource_scarcity"": 0.045454545454545456, ""bottleneck_pressure"": 0.16001801587301587, ""changeover_cost"": 306.9166666666667, ""due_date_urgency"": 158.74268333333333, ""lateness_cost"": 0.0, ""machine_cost"": 819.9766666666666, ""operator_cost"": 126.72366666666666, ""operator_scarcity"": 0.09090909090909091, ""reliability_risk"": 0.0020706481481481483, ""slack"": 158.74268333333333, ""tier_priority"": 1.0, ""utilization_pressure"": 23}, ""score"": 1158.57425, ""strategy"": ""CHEAPEST""}"
SLOT_048,CNC_LATHE_02,CNC_LATHE,OP_009,SH_05_MORNING,ORD_012,OPR_012_03,3.0,THREADING,15.0,2026-09-05T06:15:00,2026-09-05T07:20:03.360000,PLANNED,1192.6933333333334,92.16266666666667,0.0,296.25,Selected CNC_LATHE_02 / OP_009 at score 1511.98; setup 15.0 min.,"{""components"": {""alternative_resource_scarcity"": 0.045454545454545456, ""bottleneck_pressure"": 0.01105920634920635, ""changeover_cost"": 296.25, ""due_date_urgency"": 148.66573333333335, ""lateness_cost"": 0.0, ""machine_cost"": 1192.6933333333334, ""operator_cost"": 92.16266666666667, ""operator_scarcity"": 0.09090909090909091, ""reliability_risk"": 0.0016681025641025642, ""slack"": 148.66573333333335, ""tier_priority"": 1.0, ""utilization_pressure"": 3}, ""score"": 1511.9840000000002, ""strategy"": ""CHEAPEST""}"
SLOT_049,CNC_VMC_01,CNC_VMC,OP_010,SH_01_MORNING,ORD_013,OPR_013_01,1.0,MILLING,27.0,2026-09-01T06:27:00,2026-09-01T08:02:00.960000,PLANNED,1266.88,134.60600000000002,0.0,398.25,Selected CNC_VMC_01 / OP_010 at score 1698.78; setup 27.0 min.,"{""components"": {""alternative_resource_scarcity"": 0.05555555555555555, ""bottleneck_pressure"": 0.046058968253968255, ""changeover_cost"": 398.25, ""due_date_urgency"": 231.96640000000002, ""lateness_cost"": 0.0, ""machine_cost"": 1266.88, ""operator_cost"": 134.60600000000002, ""operator_scarcity"": 0.16666666666666666, ""reliability_risk"": 0.0022622857142857145, ""slack"": 231.96640000000002, ""tier_priority"": 1.0, ""utilization_pressure"": 7}, ""score"": 1698.7815, ""strategy"": ""CHEAPEST""}"
SLOT_050,RADIAL_DRILL_02,RADIAL_DRILL,OP_013,SH_01_MORNING,ORD_013,OPR_013_02,2.0,DRILLING,27.0,2026-09-01T08:29:00.960000,2026-09-01T10:29:42.720000,PLANNED,502.90000000000003,170.98600000000002,0.0,150.75,Selected RADIAL_DRILL_02 / OP_013 at score 696.40; setup 27.0 min.,"{""components"": {""alternative_resource_scarcity"": 0.045454545454545456, ""bottleneck_pressure"": 0.019372063492063496, ""changeover_cost"": 150.75, ""due_date_urgency"": 229.50480000000002, ""lateness_cost"": 0.0, ""machine_cost"": 502.90000000000003, ""operator_cost"": 170.98600000000002, ""operator_scarcity"": 0.09090909090909091, ""reliability_risk"": 0.0021174736842105263, ""slack"": 229.50480000000002, ""tier_priority"": 1.0, ""utilization_pressure"": 2}, ""score"": 696.3965000000001, ""strategy"": ""CHEAPEST""}"
SLOT_051,CNC_VMC_02,CNC_VMC,OP_010,SH_03_MORNING,ORD_005,OPR_005_02,2.0,MILLING,27.0,2026-09-03T08:24:23.640000,2026-09-03T10:03:17.820000,PLANNED,1318.7066666666667,140.11258333333333,0.0,398.25,Selected CNC_VMC_02 / OP_010 at score 1751.98; setup 27.0 min.,"{""components"": {""alternative_resource_scarcity"": 0.05555555555555555, ""bottleneck_pressure"": 0.011925317460317459, ""changeover_cost"": 398.25, ""due_date_urgency"": 313.94505, ""lateness_cost"": 0.0, ""machine_cost"": 1318.7066666666667, ""operator_cost"": 140.11258333333333, ""operator_scarcity"": 0.16666666666666666, ""reliability_risk"": 0.0023548333333333333, ""slack"": 313.94505, ""tier_priority"": 1.0, ""utilization_pressure"": 2}, ""score"": 1751.9848125, ""strategy"": ""CHEAPEST""}"
SLOT_052,RADIAL_DRILL_01,RADIAL_DRILL,OP_013,SH_03_MORNING,ORD_005,OPR_005_03,3.0,DRILLING,27.0,2026-09-03T10:30:17.820000,2026-09-03T11:49:41.880000,PLANNED,330.83750000000003,112.48475,0.0,150.75,Selected RADIAL_DRILL_01 / OP_013 at score 509.71; setup 27.0 min.,"{""components"": {""alternative_resource_scarcity"": 0.045454545454545456, ""bottleneck_pressure"": 0.06392801587301587, ""changeover_cost"": 150.75, ""due_date_urgency"": 312.17170000000004, ""lateness_cost"": 0.0, ""machine_cost"": 330.83750000000003, ""operator_cost"": 112.48475, ""operator_scarcity"": 0.09090909090909091, ""reliability_risk"": 0.001393, ""slack"": 312.17170000000004, ""tier_priority"": 1.0, ""utilization_pressure"": 8}, ""score"": 509.70868750000005, ""strategy"": ""CHEAPEST""}"
SLOT_053,CNC_LATHE_01,CNC_LATHE,OP_002,SH_02_MORNING,ORD_009,OPR_009_01,1.0,TURNING,29.0,2026-09-02T10:45:59.100000,2026-09-02T13:18:25.440000,PLANNED,1397.3574999999998,215.95524999999998,0.0,306.9166666666667,Selected CNC_LATHE_01 / OP_002 at score 1758.26; setup 29.0 min.,"{""components"": {""alternative_resource_scarcity"": 0.045454545454545456, ""bottleneck_pressure"": 0.16941896825396827, ""changeover_cost"": 306.9166666666667, ""due_date_urgency"": 154.69293333333334, ""lateness_cost"": 0.0, ""machine_cost"": 1397.3574999999998, ""operator_cost"": 215.95524999999998, ""operator_scarcity"": 0.09090909090909091, ""reliability_risk"": 0.0035286805555555553, ""slack"": 154.69293333333334, ""tier_priority"": 2.0, ""utilization_pressure"": 24}, ""score"": 1758.2629791666666, ""strategy"": ""CHEAPEST""}"
SLOT_054,CNC_VMC_01,CNC_VMC,OP_010,SH_01_MORNING,ORD_001,OPR_001_02,2.0,MILLING,27.0,2026-09-01T08:41:45.660000,2026-09-01T10:44:21.540000,PLANNED,1634.6399999999999,173.6805,0.0,398.25,Selected CNC_VMC_01 / OP_010 at score 2076.31; setup 27.0 min.,"{""components"": {""alternative_resource_scarcity"": 0.05555555555555555, ""bottleneck_pressure"": 0.05574277777777778, ""changeover_cost"": 398.25, ""due_date_urgency"": 241.26068333333333, ""lateness_cost"": 0.0, ""machine_cost"": 1634.6399999999999, ""operator_cost"": 173.6805, ""operator_scarcity"": 0.16666666666666666, ""reliability_risk"": 0.0029189999999999997, ""slack"": 241.26068333333333, ""tier_priority"": 3.0, ""utilization_pressure"": 8}, ""score"": 2076.310125, ""strategy"": ""CHEAPEST""}"
SLOT_055,RADIAL_DRILL_01,RADIAL_DRILL,OP_007,SH_01_MORNING,ORD_001,OPR_001_03,3.0,DRILLING,27.0,2026-09-01T11:11:21.540000,2026-09-01T12:09:44.340000,PLANNED,243.25000000000003,82.70500000000001,0.0,150.75,Selected RADIAL_DRILL_01 / OP_007 at score 414.68; setup 27.0 min.,"{""components"": {""alternative_resource_scarcity"": 0.045454545454545456, ""bottleneck_pressure"": 0.07237253968253968, ""changeover_cost"": 150.75, ""due_date_urgency"": 239.83768333333333, ""lateness_cost"": 0.0, ""machine_cost"": 243.25000000000003, ""operator_cost"": 82.70500000000001, ""operator_scarcity"": 0.09090909090909091, ""reliability_risk"": 0.0010242105263157896, ""slack"": 239.83768333333333, ""tier_priority"": 3.0, ""utilization_pressure"": 9}, ""score"": 414.67625000000004, ""strategy"": ""CHEAPEST""}"
SLOT_056,CNC_VMC_01,CNC_VMC,OP_007,SH_04_MORNING,ORD_008,OPR_008_03,3.0,THREADING,110.0,2026-09-04T09:07:10.980000,2026-09-04T09:21:24.840000,PLANNED,189.74666666666667,20.16058333333333,0.0,1922.5,Selected CNC_VMC_01 / OP_007 at score 2117.29; setup 110.0 min.,"{""components"": {""alternative_resource_scarcity"": 0.05555555555555555, ""bottleneck_pressure"": 0.06761563492063492, ""changeover_cost"": 1922.5, ""due_date_urgency"": 26.6431, ""lateness_cost"": 0.0, ""machine_cost"": 189.74666666666667, ""operator_cost"": 20.16058333333333, ""operator_scarcity"": 0.16666666666666666, ""reliability_risk"": 0.00033883333333333335, ""slack"": 26.6431, ""tier_priority"": 3.0, ""utilization_pressure"": 9}, ""score"": 2117.2868125, ""strategy"": ""CHEAPEST""}"
SLOT_057,CNC_VMC_01,CNC_VMC,OP_007,SH_03_MORNING,ORD_003,OPR_003_03,3.0,THREADING,15.0,2026-09-03T11:34:18.960000,2026-09-03T12:41:26.160000,PLANNED,894.9333333333334,95.08666666666667,0.0,221.25,Selected CNC_VMC_01 / OP_007 at score 1139.96; setup 15.0 min.,"{""components"": {""alternative_resource_scarcity"": 0.05555555555555555, ""bottleneck_pressure"": 0.0774752380952381, ""changeover_cost"": 221.25, ""due_date_urgency"": 185.30939999999998, ""lateness_cost"": 0.0, ""machine_cost"": 894.9333333333334, ""operator_cost"": 95.08666666666667, ""operator_scarcity"": 0.16666666666666666, ""reliability_risk"": 0.001598095238095238, ""slack"": 185.30939999999998, ""tier_priority"": 2.0, ""utilization_pressure"": 10}, ""score"": 1139.9550000000002, ""strategy"": ""CHEAPEST""}"
SLOT_058,CNC_VMC_01,CNC_VMC,OP_010,SH_02_MORNING,ORD_018,OPR_018_03,3.0,THREADING,15.0,2026-09-02T09:32:46.500000,2026-09-02T10:51:58.500000,PLANNED,1056.0,112.2,0.0,221.25,Selected CNC_VMC_01 / OP_010 at score 1305.30; setup 15.0 min.,"{""components"": {""alternative_resource_scarcity"": 0.05555555555555555, ""bottleneck_pressure"": 0.08399269841269841, ""changeover_cost"": 221.25, ""due_date_urgency"": 121.13375, ""lateness_cost"": 0.0, ""machine_cost"": 1056.0, ""operator_cost"": 112.2, ""operator_scarcity"": 0.16666666666666666, ""reliability_risk"": 0.0018857142857142857, ""slack"": 121.13375, ""tier_priority"": 2.0, ""utilization_pressure"": 11}, ""score"": 1305.3, ""strategy"": ""CHEAPEST""}"
SLOT_059,CNC_VMC_01,CNC_VMC,OP_010,SH_01_MORNING,ORD_013,OPR_013_03,3.0,THREADING,15.0,2026-09-01T10:59:21.540000,2026-09-01T12:26:40.260000,PLANNED,1164.16,123.69200000000001,0.0,221.25,Selected CNC_VMC_01 / OP_010 at score 1416.33; setup 15.0 min.,"{""components"": {""alternative_resource_scarcity"": 0.05555555555555555, ""bottleneck_pressure"": 0.09146888888888889, ""changeover_cost"": 221.25, ""due_date_urgency"": 227.55548333333334, ""lateness_cost"": 0.0, ""machine_cost"": 1164.16, ""operator_cost"": 123.69200000000001, ""operator_scarcity"": 0.16666666666666666, ""reliability_risk"": 0.0020788571428571427, ""slack"": 227.55548333333334, ""tier_priority"": 1.0, ""utilization_pressure"": 12}, ""score"": 1416.333, ""strategy"": ""CHEAPEST""}"
SLOT_060,CNC_LATHE_01,CNC_LATHE,OP_002,SH_02_AFTERNOON,ORD_022,OPR_022_03,3.0,THREADING,78.0,2026-09-02T15:18:00,2026-09-02T17:03:38.880000,PLANNED,968.4399999999999,149.668,0.0,1125.5,Selected CNC_LATHE_01 / OP_002 at score 2131.36; setup 78.0 min.,"{""components"": {""alternative_resource_scarcity"": 0.045454545454545456, ""bottleneck_pressure"": 0.1838188888888889, ""changeover_cost"": 1125.5, ""due_date_urgency"": 90.9392, ""lateness_cost"": 0.0, ""machine_cost"": 968.4399999999999, ""operator_cost"": 149.668, ""operator_scarcity"": 0.09090909090909091, ""reliability_risk"": 0.0024455555555555554, ""slack"": 90.9392, ""tier_priority"": 3.0, ""utilization_pressure"": 25}, ""score"": 2131.357, ""strategy"": ""CHEAPEST""}"
SLOT_061,CNC_VMC_02,CNC_VMC,OP_010,SH_04_NIGHT,ORD_023,OPR_023_01,1.0,MILLING,27.0,2026-09-05T00:27:00,2026-09-05T02:46:11.640000,PLANNED,1855.9199999999996,197.19149999999996,98.59574999999998,398.25,Selected CNC_VMC_02 / OP_010 at score 2303.47; setup 27.0 min.,"{""components"": {""alternative_resource_scarcity"": 0.05555555555555555, ""bottleneck_pressure"": 0.02191761904761905, ""changeover_cost"": 398.25, ""due_date_urgency"": 57.23009999999999, ""lateness_cost"": 0.0, ""machine_cost"": 1855.9199999999996, ""operator_cost"": 197.19149999999996, ""operator_scarcity"": 0.16666666666666666, ""reliability_risk"": 0.0033141428571428566, ""slack"": 57.23009999999999, ""tier_priority"": 2.0, ""utilization_pressure"": 3}, ""score"": 2303.467875, ""strategy"": ""CHEAPEST""}"
SLOT_062,RADIAL_DRILL_02,RADIAL_DRILL,OP_007,SH_05_MORNING,ORD_023,OPR_023_02,2.0,DRILLING,27.0,2026-09-05T06:27:00,2026-09-05T08:14:33.540000,PLANNED,448.1625,152.37525,0.0,150.75,Selected RADIAL_DRILL_02 / OP_007 at score 637.01; setup 27.0 min.,"{""components"": {""alternative_resource_scarcity"": 0.045454545454545456, ""bottleneck_pressure"": 0.031093968253968256, ""changeover_cost"": 150.75, ""due_date_urgency"": 51.757349999999995, ""lateness_cost"": 0.0, ""machine_cost"": 448.1625, ""operator_cost"": 152.37525, ""operator_scarcity"": 0.09090909090909091, ""reliability_risk"": 0.001887, ""slack"": 51.757349999999995, ""tier_priority"": 2.0, ""utilization_pressure"": 3}, ""score"": 637.0063125, ""strategy"": ""CHEAPEST""}"
SLOT_063,CNC_VMC_01,CNC_VMC,OP_007,SH_05_MORNING,ORD_023,OPR_023_03,3.0,THREADING,15.0,2026-09-05T12:15:00,2026-09-05T13:09:50.040000,PLANNED,731.1199999999999,77.6815,0.0,221.25,Selected CNC_VMC_01 / OP_007 at score 971.79; setup 15.0 min.,"{""components"": {""alternative_resource_scarcity"": 0.05555555555555555, ""bottleneck_pressure"": 0.0995888888888889, ""changeover_cost"": 221.25, ""due_date_urgency"": 46.836099999999995, ""lateness_cost"": 0.0, ""machine_cost"": 731.1199999999999, ""operator_cost"": 77.6815, ""operator_scarcity"": 0.16666666666666666, ""reliability_risk"": 0.0013055714285714285, ""slack"": 46.836099999999995, ""tier_priority"": 2.0, ""utilization_pressure"": 13}, ""score"": 971.7903749999999, ""strategy"": ""CHEAPEST""}"
SLOT_064,CNC_VMC_03,CNC_VMC,OP_007,SH_04_AFTERNOON,ORD_016,OPR_016_02,2.0,MILLING,27.0,2026-09-04T14:27:00,2026-09-04T17:33:02.160000,PLANNED,2480.48,263.551,0.0,398.25,Selected CNC_VMC_03 / OP_007 at score 2944.62; setup 27.0 min.,"{""components"": {""alternative_resource_scarcity"": 0.05555555555555555, ""bottleneck_pressure"": 0.0037514285714285714, ""changeover_cost"": 398.25, ""due_date_urgency"": 54.4494, ""lateness_cost"": 0.0, ""machine_cost"": 2480.48, ""operator_cost"": 263.551, ""operator_scarcity"": 0.16666666666666666, ""reliability_risk"": 0.004429428571428571, ""slack"": 54.4494, ""tier_priority"": 2.0, ""utilization_pressure"": 1}, ""score"": 2944.61775, ""strategy"": ""CHEAPEST""}"
SLOT_065,RADIAL_DRILL_01,RADIAL_DRILL,OP_007,SH_04_AFTERNOON,ORD_016,OPR_016_03,3.0,DRILLING,27.0,2026-09-04T18:00:02.160000,2026-09-04T19:22:59.880000,PLANNED,345.675,117.5295,0.0,150.75,Selected RADIAL_DRILL_01 / OP_007 at score 525.81; setup 27.0 min.,"{""components"": {""alternative_resource_scarcity"": 0.045454545454545456, ""bottleneck_pressure"": 0.07914873015873015, ""changeover_cost"": 150.75, ""due_date_urgency"": 52.6167, ""lateness_cost"": 0.0, ""machine_cost"": 345.675, ""operator_cost"": 117.5295, ""operator_scarcity"": 0.09090909090909091, ""reliability_risk"": 0.0014554736842105262, ""slack"": 52.6167, ""tier_priority"": 2.0, ""utilization_pressure"": 10}, ""score"": 525.807375, ""strategy"": ""CHEAPEST""}"
SLOT_066,CNC_LATHE_02,CNC_LATHE,OP_009,SH_05_MORNING,ORD_024,OPR_024_02,2.0,BORING,148.0,2026-09-05T09:48:03.360000,2026-09-05T10:20:55.740000,PLANNED,602.6716666666667,46.570083333333336,0.0,3223.0,Selected CNC_LATHE_02 / OP_009 at score 3837.31; setup 148.0 min.,"{""components"": {""alternative_resource_scarcity"": 0.09090909090909091, ""bottleneck_pressure"": 0.017412857142857143, ""changeover_cost"": 3223.0, ""due_date_urgency"": 1.6511833333333334, ""lateness_cost"": 0.0, ""machine_cost"": 602.6716666666667, ""operator_cost"": 46.570083333333336, ""operator_scarcity"": 0.09090909090909091, ""reliability_risk"": 0.000842897435897436, ""slack"": 1.6511833333333334, ""tier_priority"": 2.0, ""utilization_pressure"": 4}, ""score"": 3837.3141875, ""strategy"": ""CHEAPEST""}"
SLOT_067,CNC_VMC_02,CNC_VMC,OP_007,SH_05_MORNING,ORD_024,OPR_024_03,3.0,MILLING,27.0,2026-09-05T10:47:55.740000,2026-09-05T11:18:57,PLANNED,413.61333333333334,43.946416666666664,0.0,398.25,Selected CNC_VMC_02 / OP_007 at score 822.85; setup 27.0 min.,"{""components"": {""alternative_resource_scarcity"": 0.05555555555555555, ""bottleneck_pressure"": 0.03510761904761905, ""changeover_cost"": 398.25, ""due_date_urgency"": 0.6841666666666667, ""lateness_cost"": 0.0, ""machine_cost"": 413.61333333333334, ""operator_cost"": 43.946416666666664, ""operator_scarcity"": 0.16666666666666666, ""reliability_risk"": 0.0007385952380952381, ""slack"": 0.6841666666666667, ""tier_priority"": 2.0, ""utilization_pressure"": 4}, ""score"": 822.8499375, ""strategy"": ""CHEAPEST""}"
SLOT_068,RADIAL_DRILL_02,RADIAL_DRILL,OP_013,SH_05_MORNING,ORD_024,OPR_024_04,4.0,DRILLING,27.0,2026-09-05T11:45:57,2026-09-05T12:20:12.720000,PLANNED,142.75833333333333,48.53783333333333,0.0,150.75,Selected RADIAL_DRILL_02 / OP_013 at score 324.33; setup 27.0 min.,"{""components"": {""alternative_resource_scarcity"": 0.045454545454545456, ""bottleneck_pressure"": 0.04177325396825397, ""changeover_cost"": 150.75, ""due_date_urgency"": 0.0, ""lateness_cost"": 18.682906055555556, ""machine_cost"": 142.75833333333333, ""operator_cost"": 48.53783333333333, ""operator_scarcity"": 0.09090909090909091, ""reliability_risk"": 0.0006010877192982456, ""slack"": 0.0, ""tier_priority"": 2.0, ""utilization_pressure"": 4}, ""score"": 324.32569772222223, ""strategy"": ""CHEAPEST""}"
SLOT_069,CNC_LATHE_02,CNC_LATHE,OP_002,SH_05_MORNING,ORD_004,OPR_004_02,2.0,BORING,29.0,2026-09-05T10:49:55.740000,2026-09-05T12:26:15.060000,PLANNED,1765.9033333333332,136.45616666666666,0.0,572.75,Selected CNC_LATHE_02 / OP_002 at score 2372.77; setup 29.0 min.,"{""components"": {""alternative_resource_scarcity"": 0.09090909090909091, ""bottleneck_pressure"": 0.03176785714285714, ""changeover_cost"": 572.75, ""due_date_urgency"": 227.56248333333332, ""lateness_cost"": 0.0, ""machine_cost"": 1765.9033333333332, ""operator_cost"": 136.45616666666666, ""operator_scarcity"": 0.09090909090909091, ""reliability_risk"": 0.0024697948717948715, ""slack"": 227.56248333333332, ""tier_priority"": 2.0, ""utilization_pressure"": 5}, ""score"": 2372.767375, ""strategy"": ""CHEAPEST""}"
SLOT_070,CNC_VMC_02,CNC_VMC,OP_007,SH_05_AFTERNOON,ORD_004,OPR_004_03,3.0,MILLING,27.0,2026-09-05T14:27:00,2026-09-05T16:59:58.920000,PLANNED,2039.76,216.7245,0.0,398.25,Selected CNC_VMC_02 / OP_007 at score 2492.19; setup 27.0 min.,"{""components"": {""alternative_resource_scarcity"": 0.05555555555555555, ""bottleneck_pressure"": 0.03971246031746031, ""changeover_cost"": 398.25, ""due_date_urgency"": 223.00029999999998, ""lateness_cost"": 0.0, ""machine_cost"": 2039.76, ""operator_cost"": 216.7245, ""operator_scarcity"": 0.16666666666666666, ""reliability_risk"": 0.0036424285714285716, ""slack"": 223.00029999999998, ""tier_priority"": 2.0, ""utilization_pressure"": 5}, ""score"": 2492.191125, ""strategy"": ""CHEAPEST""}"
SLOT_071,RADIAL_DRILL_01,RADIAL_DRILL,OP_007,SH_05_AFTERNOON,ORD_004,OPR_004_04,4.0,DRILLING,27.0,2026-09-05T17:26:58.920000,2026-09-05T19:17:28.140000,PLANNED,460.3625,156.52325,0.0,150.75,Selected RADIAL_DRILL_01 / OP_007 at score 650.24; setup 27.0 min.,"{""components"": {""alternative_resource_scarcity"": 0.045454545454545456, ""bottleneck_pressure"": 0.087875873015873, ""changeover_cost"": 150.75, ""due_date_urgency"": 220.70884999999998, ""lateness_cost"": 0.0, ""machine_cost"": 460.3625, ""operator_cost"": 156.52325, ""operator_scarcity"": 0.09090909090909091, ""reliability_risk"": 0.0019383684210526316, ""slack"": 220.70884999999998, ""tier_priority"": 2.0, ""utilization_pressure"": 11}, ""score"": 650.2433125, ""strategy"": ""CHEAPEST""}"
SLOT_072,CNC_LATHE_02,CNC_LATHE,OP_009,SH_02_AFTERNOON,ORD_009,OPR_009_02,2.0,BORING,29.0,2026-09-02T14:29:00,2026-09-02T16:26:27.180000,PLANNED,2153.3050000000003,166.39175,0.0,572.75,Selected CNC_LATHE_02 / OP_009 at score 2767.65; setup 29.0 min.,"{""components"": {""alternative_resource_scarcity"": 0.09090909090909091, ""bottleneck_pressure"": 0.041714047619047616, ""changeover_cost"": 572.75, ""due_date_urgency"": 151.55911666666665, ""lateness_cost"": 0.0, ""machine_cost"": 2153.3050000000003, ""operator_cost"": 166.39175, ""operator_scarcity"": 0.09090909090909091, ""reliability_risk"": 0.0030116153846153847, ""slack"": 151.55911666666665, ""tier_priority"": 2.0, ""utilization_pressure"": 6}, ""score"": 2767.6529375000005, ""strategy"": ""CHEAPEST""}"
SLOT_073,CNC_VMC_02,CNC_VMC,OP_007,SH_02_AFTERNOON,ORD_009,OPR_009_03,3.0,MILLING,27.0,2026-09-02T16:53:27.180000,2026-09-02T17:53:25.740000,PLANNED,799.68,84.966,0.0,398.25,Selected CNC_VMC_02 / OP_007 at score 1219.17; setup 27.0 min.,"{""components"": {""alternative_resource_scarcity"": 0.05555555555555555, ""bottleneck_pressure"": 0.053996746031746035, ""changeover_cost"": 398.25, ""due_date_urgency"": 150.10951666666668, ""lateness_cost"": 0.0, ""machine_cost"": 799.68, ""operator_cost"": 84.966, ""operator_scarcity"": 0.16666666666666666, ""reliability_risk"": 0.0014279999999999998, ""slack"": 150.10951666666668, ""tier_priority"": 2.0, ""utilization_pressure"": 6}, ""score"": 1219.1715, ""strategy"": ""CHEAPEST""}"
SLOT_074,RADIAL_DRILL_01,RADIAL_DRILL,OP_007,SH_02_AFTERNOON,ORD_009,OPR_009_04,4.0,DRILLING,27.0,2026-09-02T18:20:25.740000,2026-09-02T20:35:22.500000,PLANNED,562.275,191.1735,0.0,150.75,Selected RADIAL_DRILL_01 / OP_007 at score 760.82; setup 27.0 min.,"{""components"": {""alternative_resource_scarcity"": 0.045454545454545456, ""bottleneck_pressure"": 0.09878753968253969, ""changeover_cost"": 150.75, ""due_date_urgency"": 147.41041666666666, ""lateness_cost"": 0.0, ""machine_cost"": 562.275, ""operator_cost"": 191.1735, ""operator_scarcity"": 0.09090909090909091, ""reliability_risk"": 0.002367473684210526, ""slack"": 147.41041666666666, ""tier_priority"": 2.0, ""utilization_pressure"": 12}, ""score"": 760.818375, ""strategy"": ""CHEAPEST""}"
SLOT_075,CNC_LATHE_02,CNC_LATHE,OP_002,SH_05_AFTERNOON,ORD_019,OPR_019_02,2.0,BORING,29.0,2026-09-05T14:29:00,2026-09-05T16:32:02.220000,PLANNED,2255.6783333333333,174.30241666666666,0.0,572.75,Selected CNC_LATHE_02 / OP_002 at score 2872.00; setup 29.0 min.,"{""components"": {""alternative_resource_scarcity"": 0.09090909090909091, ""bottleneck_pressure"": 0.05333730158730158, ""changeover_cost"": 572.75, ""due_date_urgency"": 13.46605, ""lateness_cost"": 0.0, ""machine_cost"": 2255.6783333333333, ""operator_cost"": 174.30241666666666, ""operator_scarcity"": 0.09090909090909091, ""reliability_risk"": 0.003154794871794872, ""slack"": 13.46605, ""tier_priority"": 1.0, ""utilization_pressure"": 7}, ""score"": 2872.0039375, ""strategy"": ""CHEAPEST""}"
SLOT_076,CNC_VMC_03,CNC_VMC,OP_010,SH_05_AFTERNOON,ORD_019,OPR_019_03,3.0,MILLING,27.0,2026-09-05T16:59:02.220000,2026-09-05T17:43:24.660000,PLANNED,591.6533333333334,62.86316666666667,0.0,398.25,Selected CNC_VMC_03 / OP_010 at score 1005.62; setup 27.0 min.,"{""components"": {""alternative_resource_scarcity"": 0.05555555555555555, ""bottleneck_pressure"": 0.02065904761904762, ""changeover_cost"": 398.25, ""due_date_urgency"": 12.276483333333333, ""lateness_cost"": 0.0, ""machine_cost"": 591.6533333333334, ""operator_cost"": 62.86316666666667, ""operator_scarcity"": 0.16666666666666666, ""reliability_risk"": 0.0010565238095238095, ""slack"": 12.276483333333333, ""tier_priority"": 1.0, ""utilization_pressure"": 2}, ""score"": 1005.619125, ""strategy"": ""CHEAPEST""}"
SLOT_077,RADIAL_DRILL_02,RADIAL_DRILL,OP_013,SH_05_AFTERNOON,ORD_019,OPR_019_04,4.0,DRILLING,27.0,2026-09-05T18:10:24.660000,2026-09-05T19:39:09.540000,PLANNED,369.78333333333336,125.72633333333334,0.0,150.75,Selected RADIAL_DRILL_02 / OP_013 at score 551.96; setup 27.0 min.,"{""components"": {""alternative_resource_scarcity"": 0.045454545454545456, ""bottleneck_pressure"": 0.04663531746031746, ""changeover_cost"": 150.75, ""due_date_urgency"": 10.34735, ""lateness_cost"": 0.0, ""machine_cost"": 369.78333333333336, ""operator_cost"": 125.72633333333334, ""operator_scarcity"": 0.09090909090909091, ""reliability_risk"": 0.001556982456140351, ""slack"": 10.34735, ""tier_priority"": 1.0, ""utilization_pressure"": 5}, ""score"": 551.9649166666667, ""strategy"": ""CHEAPEST""}"
SLOT_078,CNC_LATHE_02,CNC_LATHE,OP_009,SH_04_AFTERNOON,ORD_014,OPR_014_02,2.0,BORING,29.0,2026-09-04T16:56:42.600000,2026-09-04T19:34:59.400000,PLANNED,2901.7999999999997,224.23,0.0,572.75,Selected CNC_LATHE_02 / OP_009 at score 3530.61; setup 29.0 min.,"{""components"": {""alternative_resource_scarcity"": 0.09090909090909091, ""bottleneck_pressure"": 0.06540373015873016, ""changeover_cost"": 572.75, ""due_date_urgency"": 124.41683333333333, ""lateness_cost"": 0.0, ""machine_cost"": 2901.7999999999997, ""operator_cost"": 224.23, ""operator_scarcity"": 0.09090909090909091, ""reliability_risk"": 0.0040584615384615386, ""slack"": 124.41683333333333, ""tier_priority"": 1.0, ""utilization_pressure"": 8}, ""score"": 3530.6074999999996, ""strategy"": ""CHEAPEST""}"
SLOT_079,CNC_VMC_02,CNC_VMC,OP_010,SH_04_NIGHT,ORD_014,OPR_014_03,3.0,MILLING,27.0,2026-09-05T03:13:11.640000,2026-09-05T05:40:55.320000,PLANNED,1969.7066666666667,209.28133333333335,104.64066666666668,398.25,Selected CNC_VMC_02 / OP_010 at score 2420.28; setup 27.0 min.,"{""components"": {""alternative_resource_scarcity"": 0.05555555555555555, ""bottleneck_pressure"": 0.060899603174603176, ""changeover_cost"": 398.25, ""due_date_urgency"": 114.31796666666666, ""lateness_cost"": 0.0, ""machine_cost"": 1969.7066666666667, ""operator_cost"": 209.28133333333335, ""operator_scarcity"": 0.16666666666666666, ""reliability_risk"": 0.0035173333333333337, ""slack"": 114.31796666666666, ""tier_priority"": 1.0, ""utilization_pressure"": 7}, ""score"": 2420.277, ""strategy"": ""CHEAPEST""}"
SLOT_080,RADIAL_DRILL_02,RADIAL_DRILL,OP_013,SH_05_AFTERNOON,ORD_014,OPR_014_04,4.0,DRILLING,27.0,2026-09-05T14:27:00,2026-09-05T17:42:12.720000,PLANNED,813.3833333333332,276.5503333333333,0.0,150.75,Selected RADIAL_DRILL_02 / OP_013 at score 1033.27; setup 27.0 min.,"{""components"": {""alternative_resource_scarcity"": 0.045454545454545456, ""bottleneck_pressure"": 0.055821666666666665, ""changeover_cost"": 150.75, ""due_date_urgency"": 102.29646666666667, ""lateness_cost"": 0.0, ""machine_cost"": 813.3833333333332, ""operator_cost"": 276.5503333333333, ""operator_scarcity"": 0.09090909090909091, ""reliability_risk"": 0.0034247719298245607, ""slack"": 102.29646666666667, ""tier_priority"": 1.0, ""utilization_pressure"": 6}, ""score"": 1033.2709166666666, ""strategy"": ""CHEAPEST""}"
SLOT_081,GRINDER_01,GRINDER,OP_001,SH_05_NIGHT,ORD_012,OPR_012_04,4.0,GRINDING,20.0,2026-09-05T22:20:00,2026-09-06T05:20:46.200600,PLANNED,5259.6251250000005,1507.7592025000001,1507.7592025000001,321.66666666666663,Selected GRINDER_01 / OP_001 at score 5958.23; setup 20.0 min.,"{""components"": {""alternative_resource_scarcity"": 0.3333333333333333, ""bottleneck_pressure"": 0.0, ""changeover_cost"": 321.66666666666663, ""due_date_urgency"": 126.65383316666667, ""lateness_cost"": 0.0, ""machine_cost"": 5259.6251250000005, ""operator_cost"": 1507.7592025000001, ""operator_scarcity"": 0.3333333333333333, ""reliability_risk"": 0.014610069791666666, ""slack"": 126.65383316666667, ""tier_priority"": 1.0, ""utilization_pressure"": 0}, ""score"": 5958.231592291667, ""strategy"": ""CHEAPEST""}"
SLOT_082,CMM_01,CMM_INSPECTION,OP_002,SH_06_MORNING,ORD_012,OPR_012_05,5.0,INSPECTION,20.0,2026-09-06T06:20:00,2026-09-06T06:58:37.620000,PLANNED,257.5133333333333,54.72158333333333,0.0,161.66666666666666,Selected CMM_01 / OP_002 at score 432.86; setup 20.0 min.,"{""components"": {""alternative_resource_scarcity"": 0.1, ""bottleneck_pressure"": 0.0, ""changeover_cost"": 161.66666666666666, ""due_date_urgency"": 125.02288333333334, ""lateness_cost"": 0.0, ""machine_cost"": 257.5133333333333, ""operator_cost"": 54.72158333333333, ""operator_scarcity"": 0.1, ""reliability_risk"": 0.0005364861111111111, ""slack"": 125.02288333333334, ""tier_priority"": 1.0, ""utilization_pressure"": 0}, ""score"": 432.8603958333333, ""strategy"": ""CHEAPEST""}"
SLOT_083,GRINDER_01,GRINDER,OP_001,SH_06_MORNING,ORD_014,OPR_014_05,5.0,GRINDING,23.0,2026-09-06T06:23:00,2026-09-06T13:24:10.984800,PLANNED,5264.7885,1509.2393699999998,0.0,369.9166666666667,Selected GRINDER_01 / OP_001 at score 6012.02; setup 23.0 min.,"{""components"": {""alternative_resource_scarcity"": 0.3333333333333333, ""bottleneck_pressure"": 0.03498174682539682, ""changeover_cost"": 369.9166666666667, ""due_date_urgency"": 82.59694866666668, ""lateness_cost"": 0.0, ""machine_cost"": 5264.7885, ""operator_cost"": 1509.2393699999998, ""operator_scarcity"": 0.3333333333333333, ""reliability_risk"": 0.014624412499999998, ""slack"": 82.59694866666668, ""tier_priority"": 1.0, ""utilization_pressure"": 1}, ""score"": 6012.0150091666665, ""strategy"": ""CHEAPEST""}"
SLOT_084,CMM_01,CMM_INSPECTION,OP_002,SH_06_AFTERNOON,ORD_014,OPR_014_06,6.0,INSPECTION,18.0,2026-09-06T14:18:00,2026-09-06T16:06:09.480000,PLANNED,721.0533333333333,153.22383333333332,0.0,145.5,Selected CMM_01 / OP_002 at score 904.86; setup 18.0 min.,"{""components"": {""alternative_resource_scarcity"": 0.1, ""bottleneck_pressure"": 0.004652936507936508, ""changeover_cost"": 145.5, ""due_date_urgency"": 79.89736666666667, ""lateness_cost"": 0.0, ""machine_cost"": 721.0533333333333, ""operator_cost"": 153.22383333333332, ""operator_scarcity"": 0.1, ""reliability_risk"": 0.0015021944444444445, ""slack"": 79.89736666666667, ""tier_priority"": 1.0, ""utilization_pressure"": 1}, ""score"": 904.8592916666666, ""strategy"": ""CHEAPEST""}"
SLOT_085,GRINDER_01,GRINDER,OP_001,SH_06_AFTERNOON,ORD_023,OPR_023_04,4.0,GRINDING,23.0,2026-09-06T14:23:00,2026-09-06T21:24:31.549800,PLANNED,5269.072875000001,1510.4675575,0.0,369.9166666666667,Selected GRINDER_01 / OP_001 at score 6016.61; setup 23.0 min.,"{""components"": {""alternative_resource_scarcity"": 0.3333333333333333, ""bottleneck_pressure"": 0.07023437222222222, ""changeover_cost"": 369.9166666666667, ""due_date_urgency"": 14.591236166666667, ""lateness_cost"": 0.0, ""machine_cost"": 5269.072875000001, ""operator_cost"": 1510.4675575, ""operator_scarcity"": 0.3333333333333333, ""reliability_risk"": 0.014636313541666668, ""slack"": 14.591236166666667, ""tier_priority"": 2.0, ""utilization_pressure"": 2}, ""score"": 6016.606431041668, ""strategy"": ""CHEAPEST""}"
SLOT_086,CMM_01,CMM_INSPECTION,OP_010,SH_06_NIGHT,ORD_023,OPR_023_05,5.0,INSPECTION,18.0,2026-09-06T22:18:00,2026-09-06T23:33:55.440000,PLANNED,506.15999999999997,107.55899999999998,53.77949999999999,145.5,Selected CMM_01 / OP_010 at score 678.55; setup 18.0 min.,"{""components"": {""alternative_resource_scarcity"": 0.1, ""bottleneck_pressure"": 0.014665476190476189, ""changeover_cost"": 145.5, ""due_date_urgency"": 12.4346, ""lateness_cost"": 0.0, ""machine_cost"": 506.15999999999997, ""operator_cost"": 107.55899999999998, ""operator_scarcity"": 0.1, ""reliability_risk"": 0.0010544999999999999, ""slack"": 12.4346, ""tier_priority"": 2.0, ""utilization_pressure"": 2}, ""score"": 678.54975, ""strategy"": ""CHEAPEST""}"
SLOT_087,GRINDER_01,GRINDER,OP_001,SH_01_AFTERNOON,ORD_001,OPR_001_04,4.0,GRINDING,23.0,2026-09-01T14:23:00,2026-09-01T21:25:36.769200,PLANNED,5282.66025,1514.3626049999998,0.0,369.9166666666667,Selected GRINDER_01 / OP_001 at score 6031.17; setup 23.0 min.,"{""components"": {""alternative_resource_scarcity"": 0.3333333333333333, ""bottleneck_pressure"": 0.1055142, ""changeover_cost"": 369.9166666666667, ""due_date_urgency"": 230.57311966666668, ""lateness_cost"": 0.0, ""machine_cost"": 5282.66025, ""operator_cost"": 1514.3626049999998, ""operator_scarcity"": 0.3333333333333333, ""reliability_risk"": 0.014674056249999998, ""slack"": 230.57311966666668, ""tier_priority"": 3.0, ""utilization_pressure"": 3}, ""score"": 6031.1675679166665, ""strategy"": ""CHEAPEST""}"
SLOT_088,CMM_01,CMM_INSPECTION,OP_021,SH_01_NIGHT,ORD_001,OPR_001_05,5.0,INSPECTION,18.0,2026-09-01T22:18:00,2026-09-02T00:35:11.580000,PLANNED,914.62,194.35675,97.178375,145.5,Selected CMM_01 / OP_021 at score 1108.71; setup 18.0 min.,"{""components"": {""alternative_resource_scarcity"": 0.1, ""bottleneck_pressure"": 0.022119761904761906, ""changeover_cost"": 145.5, ""due_date_urgency"": 227.41345, ""lateness_cost"": 0.0, ""machine_cost"": 914.62, ""operator_cost"": 194.35675, ""operator_scarcity"": 0.1, ""reliability_risk"": 0.0019054583333333334, ""slack"": 227.41345, ""tier_priority"": 3.0, ""utilization_pressure"": 3}, ""score"": 1108.7091875, ""strategy"": ""CHEAPEST""}"
SLOT_089,GRINDER_01,GRINDER,OP_001,SH_03_AFTERNOON,ORD_005,OPR_005_04,4.0,GRINDING,23.0,2026-09-03T14:23:00,2026-09-03T21:25:38.172000,PLANNED,5282.952499999999,1514.4463833333332,0.0,369.9166666666667,Selected GRINDER_01 / OP_001 at score 6031.48; setup 23.0 min.,"{""components"": {""alternative_resource_scarcity"": 0.3333333333333333, ""bottleneck_pressure"": 0.14088029682539682, ""changeover_cost"": 369.9166666666667, ""due_date_urgency"": 302.57273, ""lateness_cost"": 0.0, ""machine_cost"": 5282.952499999999, ""operator_cost"": 1514.4463833333332, ""operator_scarcity"": 0.3333333333333333, ""reliability_risk"": 0.014674868055555554, ""slack"": 302.57273, ""tier_priority"": 1.0, ""utilization_pressure"": 4}, ""score"": 6031.480762499999, ""strategy"": ""CHEAPEST""}"
SLOT_090,CMM_01,CMM_INSPECTION,OP_010,SH_03_NIGHT,ORD_005,OPR_005_05,5.0,INSPECTION,18.0,2026-09-03T22:18:00,2026-09-03T23:08:08.880000,PLANNED,334.32,71.04299999999999,35.521499999999996,145.5,Selected CMM_01 / OP_010 at score 497.58; setup 18.0 min.,"{""components"": {""alternative_resource_scarcity"": 0.1, ""bottleneck_pressure"": 0.034436666666666664, ""changeover_cost"": 145.5, ""due_date_urgency"": 300.86420000000004, ""lateness_cost"": 0.0, ""machine_cost"": 334.32, ""operator_cost"": 71.04299999999999, ""operator_scarcity"": 0.1, ""reliability_risk"": 0.0006965000000000001, ""slack"": 300.86420000000004, ""tier_priority"": 1.0, ""utilization_pressure"": 4}, ""score"": 497.58074999999997, ""strategy"": ""CHEAPEST""}"
SLOT_091,GRINDER_01,GRINDER,OP_001,SH_01_NIGHT,ORD_025,OPR_025_04,4.0,GRINDING,23.0,2026-09-01T22:23:00,2026-09-02T05:25:40.202400,PLANNED,5283.375499999999,1514.5676433333333,1514.5676433333333,369.9166666666667,Selected GRINDER_01 / OP_001 at score 6031.93; setup 23.0 min.,"{""components"": {""alternative_resource_scarcity"": 0.3333333333333333, ""bottleneck_pressure"": 0.1762482492063492, ""changeover_cost"": 369.9166666666667, ""due_date_urgency"": 96.572166, ""lateness_cost"": 0.0, ""machine_cost"": 5283.375499999999, ""operator_cost"": 1514.5676433333333, ""operator_scarcity"": 0.3333333333333333, ""reliability_risk"": 0.014676043055555555, ""slack"": 96.572166, ""tier_priority"": 2.0, ""utilization_pressure"": 5}, ""score"": 6031.934077499999, ""strategy"": ""CHEAPEST""}"
SLOT_092,CMM_01,CMM_INSPECTION,OP_009,SH_02_MORNING,ORD_025,OPR_025_05,5.0,INSPECTION,18.0,2026-09-02T06:18:00,2026-09-02T06:44:03.900000,PLANNED,173.76666666666668,36.92541666666667,0.0,145.5,Selected CMM_01 / OP_009 at score 328.50; setup 18.0 min.,"{""components"": {""alternative_resource_scarcity"": 0.1, ""bottleneck_pressure"": 0.03984523809523809, ""changeover_cost"": 145.5, ""due_date_urgency"": 95.26558333333332, ""lateness_cost"": 0.0, ""machine_cost"": 173.76666666666668, ""operator_cost"": 36.92541666666667, ""operator_scarcity"": 0.1, ""reliability_risk"": 0.00036201388888888893, ""slack"": 95.26558333333332, ""tier_priority"": 2.0, ""utilization_pressure"": 5}, ""score"": 328.4980208333333, ""strategy"": ""CHEAPEST""}"
SLOT_093,GRINDER_01,GRINDER,OP_001,SH_03_NIGHT,ORD_011,OPR_011_04,4.0,GRINDING,23.0,2026-09-03T22:23:00,2026-09-04T05:26:10.971000,PLANNED,5289.785625,1516.4052125,1516.4052125,369.9166666666667,Selected GRINDER_01 / OP_001 at score 6038.80; setup 23.0 min.,"{""components"": {""alternative_resource_scarcity"": 0.3333333333333333, ""bottleneck_pressure"": 0.2116188873015873, ""changeover_cost"": 369.9166666666667, ""due_date_urgency"": 162.56361916666665, ""lateness_cost"": 0.0, ""machine_cost"": 5289.785625, ""operator_cost"": 1516.4052125, ""operator_scarcity"": 0.3333333333333333, ""reliability_risk"": 0.014693848958333335, ""slack"": 162.56361916666665, ""tier_priority"": 2.0, ""utilization_pressure"": 6}, ""score"": 6038.803594791667, ""strategy"": ""CHEAPEST""}"
SLOT_094,CMM_01,CMM_INSPECTION,OP_009,SH_04_MORNING,ORD_011,OPR_011_05,5.0,INSPECTION,18.0,2026-09-04T06:18:00,2026-09-04T06:54:30.960000,PLANNED,243.44,51.731,0.0,145.5,Selected CMM_01 / OP_009 at score 401.87; setup 18.0 min.,"{""components"": {""alternative_resource_scarcity"": 0.1, ""bottleneck_pressure"": 0.043342460317460314, ""changeover_cost"": 145.5, ""due_date_urgency"": 161.09140000000002, ""lateness_cost"": 0.0, ""machine_cost"": 243.44, ""operator_cost"": 51.731, ""operator_scarcity"": 0.1, ""reliability_risk"": 0.0005071666666666667, ""slack"": 161.09140000000002, ""tier_priority"": 2.0, ""utilization_pressure"": 6}, ""score"": 401.87275, ""strategy"": ""CHEAPEST""}"
SLOT_095,GRINDER_01,GRINDER,OP_001,SH_04_AFTERNOON,ORD_002,OPR_002_04,4.0,GRINDING,23.0,2026-09-04T14:23:00,2026-09-04T21:27:05.001600,PLANNED,5301.0419999999995,1519.63204,0.0,369.9166666666667,Selected GRINDER_01 / OP_001 at score 6050.87; setup 23.0 min.,"{""components"": {""alternative_resource_scarcity"": 0.3333333333333333, ""bottleneck_pressure"": 0.24703022460317461, ""changeover_cost"": 369.9166666666667, ""due_date_urgency"": 182.5486106666667, ""lateness_cost"": 0.0, ""machine_cost"": 5301.0419999999995, ""operator_cost"": 1519.63204, ""operator_scarcity"": 0.3333333333333333, ""reliability_risk"": 0.014725116666666664, ""slack"": 182.5486106666667, ""tier_priority"": 2.0, ""utilization_pressure"": 7}, ""score"": 6050.8666766666665, ""strategy"": ""CHEAPEST""}"
SLOT_096,CMM_01,CMM_INSPECTION,OP_002,SH_04_AFTERNOON,ORD_002,OPR_002_05,5.0,INSPECTION,18.0,2026-09-04T21:45:05.001600,2026-09-04T21:56:05.961600,PLANNED,73.44000000000001,15.606000000000002,0.0,145.5,Selected CMM_01 / OP_002 at score 222.84; setup 18.0 min.,"{""components"": {""alternative_resource_scarcity"": 0.1, ""bottleneck_pressure"": 0.04766912698412698, ""changeover_cost"": 145.5, ""due_date_urgency"": 182.06501066666667, ""lateness_cost"": 0.0, ""machine_cost"": 73.44000000000001, ""operator_cost"": 15.606000000000002, ""operator_scarcity"": 0.1, ""reliability_risk"": 0.00015300000000000003, ""slack"": 182.06501066666667, ""tier_priority"": 2.0, ""utilization_pressure"": 7}, ""score"": 222.84150000000002, ""strategy"": ""CHEAPEST""}"
SLOT_097,GRINDER_01,GRINDER,OP_001,SH_06_NIGHT,ORD_004,OPR_004_05,5.0,GRINDING,23.0,2026-09-06T22:23:00,2026-09-07T05:27:26.403600,PLANNED,5305.50075,1520.910215,1520.910215,369.9166666666667,Selected GRINDER_01 / OP_001 at score 6055.64; setup 23.0 min.,"{""components"": {""alternative_resource_scarcity"": 0.3333333333333333, ""bottleneck_pressure"": 0.28251303095238095, ""changeover_cost"": 369.9166666666667, ""due_date_urgency"": 186.54266566666666, ""lateness_cost"": 0.0, ""machine_cost"": 5305.50075, ""operator_cost"": 1520.910215, ""operator_scarcity"": 0.3333333333333333, ""reliability_risk"": 0.014737502083333333, ""slack"": 186.54266566666666, ""tier_priority"": 2.0, ""utilization_pressure"": 8}, ""score"": 6055.644970416667, ""strategy"": ""CHEAPEST""}"
SLOT_098,CMM_01,CMM_INSPECTION,OP_002,SH_07_MORNING,ORD_004,OPR_004_06,6.0,INSPECTION,18.0,2026-09-07T06:18:00,2026-09-07T07:42:59.400000,PLANNED,566.5999999999999,120.40249999999999,0.0,145.5,Selected CMM_01 / OP_002 at score 742.20; setup 18.0 min.,"{""components"": {""alternative_resource_scarcity"": 0.1, ""bottleneck_pressure"": 0.04997198412698413, ""changeover_cost"": 145.5, ""due_date_urgency"": 184.2835, ""lateness_cost"": 0.0, ""machine_cost"": 566.5999999999999, ""operator_cost"": 120.40249999999999, ""operator_scarcity"": 0.1, ""reliability_risk"": 0.0011804166666666666, ""slack"": 184.2835, ""tier_priority"": 2.0, ""utilization_pressure"": 8}, ""score"": 742.200625, ""strategy"": ""CHEAPEST""}"
SLOT_099,GRINDER_01,GRINDER,OP_001,SH_02_MORNING,ORD_013,OPR_013_04,4.0,GRINDING,23.0,2026-09-02T06:23:00,2026-09-02T13:28:49.545600,PLANNED,5322.822,1525.8756400000002,0.0,369.9166666666667,Selected GRINDER_01 / OP_001 at score 6074.21; setup 23.0 min.,"{""components"": {""alternative_resource_scarcity"": 0.3333333333333333, ""bottleneck_pressure"": 0.3180241468253968, ""changeover_cost"": 369.9166666666667, ""due_date_urgency"": 202.51957066666668, ""lateness_cost"": 0.0, ""machine_cost"": 5322.822, ""operator_cost"": 1525.8756400000002, ""operator_scarcity"": 0.3333333333333333, ""reliability_risk"": 0.014785616666666668, ""slack"": 202.51957066666668, ""tier_priority"": 1.0, ""utilization_pressure"": 9}, ""score"": 6074.207576666667, ""strategy"": ""CHEAPEST""}"
SLOT_100,CMM_01,CMM_INSPECTION,OP_010,SH_02_AFTERNOON,ORD_013,OPR_013_05,5.0,INSPECTION,18.0,2026-09-02T14:18:00,2026-09-02T16:23:49.920000,PLANNED,838.88,178.262,0.0,145.5,Selected CMM_01 / OP_010 at score 1028.95; setup 18.0 min.,"{""components"": {""alternative_resource_scarcity"": 0.1, ""bottleneck_pressure"": 0.05814579365079365, ""changeover_cost"": 145.5, ""due_date_urgency"": 199.6028, ""lateness_cost"": 0.0, ""machine_cost"": 838.88, ""operator_cost"": 178.262, ""operator_scarcity"": 0.1, ""reliability_risk"": 0.0017476666666666667, ""slack"": 199.6028, ""tier_priority"": 1.0, ""utilization_pressure"": 9}, ""score"": 1028.9455, ""strategy"": ""CHEAPEST""}"
SLOT_101,GRINDER_01,GRINDER,OP_001,SH_04_NIGHT,ORD_007,OPR_007_04,4.0,GRINDING,23.0,2026-09-04T22:23:00,2026-09-05T05:28:55.437000,PLANNED,5324.0493750000005,1526.2274875,1526.2274875,369.9166666666667,Selected GRINDER_01 / OP_001 at score 6075.52; setup 23.0 min.,"{""components"": {""alternative_resource_scarcity"": 0.3333333333333333, ""bottleneck_pressure"": 0.3536452388888889, ""changeover_cost"": 369.9166666666667, ""due_date_urgency"": 162.51793416666666, ""lateness_cost"": 0.0, ""machine_cost"": 5324.0493750000005, ""operator_cost"": 1526.2274875, ""operator_scarcity"": 0.3333333333333333, ""reliability_risk"": 0.014789026041666667, ""slack"": 162.51793416666666, ""tier_priority"": 1.0, ""utilization_pressure"": 10}, ""score"": 6075.522913541668, ""strategy"": ""CHEAPEST""}"
SLOT_102,CMM_01,CMM_INSPECTION,OP_010,SH_05_MORNING,ORD_007,OPR_007_05,5.0,INSPECTION,18.0,2026-09-05T06:18:00,2026-09-05T07:11:59.100000,PLANNED,359.9,76.47874999999999,0.0,145.5,Selected CMM_01 / OP_010 at score 524.52; setup 18.0 min.,"{""components"": {""alternative_resource_scarcity"": 0.1, ""bottleneck_pressure"": 0.06956103174603175, ""changeover_cost"": 145.5, ""due_date_urgency"": 160.80025, ""lateness_cost"": 0.0, ""machine_cost"": 359.9, ""operator_cost"": 76.47874999999999, ""operator_scarcity"": 0.1, ""reliability_risk"": 0.0007497916666666666, ""slack"": 160.80025, ""tier_priority"": 1.0, ""utilization_pressure"": 10}, ""score"": 524.5196874999999, ""strategy"": ""CHEAPEST""}"
SLOT_103,GRINDER_01,GRINDER,OP_001,SH_04_MORNING,ORD_015,OPR_015_04,4.0,GRINDING,23.0,2026-09-04T06:23:00,2026-09-04T13:29:36.457200,PLANNED,5332.59525,1528.6773050000002,0.0,369.9166666666667,Selected GRINDER_01 / OP_001 at score 6084.68; setup 23.0 min.,"{""components"": {""alternative_resource_scarcity"": 0.3333333333333333, ""bottleneck_pressure"": 0.38927412380952386, ""changeover_cost"": 369.9166666666667, ""due_date_urgency"": 82.50653966666667, ""lateness_cost"": 0.0, ""machine_cost"": 5332.59525, ""operator_cost"": 1528.6773050000002, ""operator_scarcity"": 0.3333333333333333, ""reliability_risk"": 0.014812764583333334, ""slack"": 82.50653966666667, ""tier_priority"": 3.0, ""utilization_pressure"": 11}, ""score"": 6084.681242916667, ""strategy"": ""CHEAPEST""}"
SLOT_104,CMM_01,CMM_INSPECTION,OP_009,SH_04_AFTERNOON,ORD_015,OPR_015_05,5.0,INSPECTION,18.0,2026-09-04T14:18:00,2026-09-04T14:53:28.140000,PLANNED,236.45999999999998,50.247749999999996,0.0,145.5,Selected CMM_01 / OP_009 at score 394.52; setup 18.0 min.,"{""components"": {""alternative_resource_scarcity"": 0.1, ""bottleneck_pressure"": 0.07527412698412698, ""changeover_cost"": 145.5, ""due_date_urgency"": 81.10884999999999, ""lateness_cost"": 0.0, ""machine_cost"": 236.45999999999998, ""operator_cost"": 50.247749999999996, ""operator_scarcity"": 0.1, ""reliability_risk"": 0.000492625, ""slack"": 81.10884999999999, ""tier_priority"": 3.0, ""utilization_pressure"": 11}, ""score"": 394.5219375, ""strategy"": ""CHEAPEST""}"
SLOT_105,GRINDER_01,GRINDER,OP_001,SH_07_MORNING,ORD_003,OPR_003_04,4.0,GRINDING,23.0,2026-09-07T06:23:00,2026-09-07T13:29:37.890000,PLANNED,5332.89375,1528.762875,0.0,369.9166666666667,Selected GRINDER_01 / OP_001 at score 6085.00; setup 23.0 min.,"{""components"": {""alternative_resource_scarcity"": 0.3333333333333333, ""bottleneck_pressure"": 0.4249572682539683, ""changeover_cost"": 369.9166666666667, ""due_date_urgency"": 88.50614166666666, ""lateness_cost"": 0.0, ""machine_cost"": 5332.89375, ""operator_cost"": 1528.762875, ""operator_scarcity"": 0.3333333333333333, ""reliability_risk"": 0.01481359375, ""slack"": 88.50614166666666, ""tier_priority"": 2.0, ""utilization_pressure"": 12}, ""score"": 6085.001135416667, ""strategy"": ""CHEAPEST""}"
SLOT_106,CMM_01,CMM_INSPECTION,OP_002,SH_07_AFTERNOON,ORD_003,OPR_003_05,5.0,INSPECTION,18.0,2026-09-07T14:18:00,2026-09-07T16:07:04.200000,PLANNED,727.1333333333333,154.51583333333332,0.0,145.5,Selected CMM_01 / OP_002 at score 911.26; setup 18.0 min.,"{""components"": {""alternative_resource_scarcity"": 0.1, ""bottleneck_pressure"": 0.07951769841269841, ""changeover_cost"": 145.5, ""due_date_urgency"": 85.88216666666666, ""lateness_cost"": 0.0, ""machine_cost"": 727.1333333333333, ""operator_cost"": 154.51583333333332, ""operator_scarcity"": 0.1, ""reliability_risk"": 0.0015148611111111111, ""slack"": 85.88216666666666, ""tier_priority"": 2.0, ""utilization_pressure"": 12}, ""score"": 911.2622916666667, ""strategy"": ""CHEAPEST""}"
SLOT_107,GRINDER_01,GRINDER,OP_001,SH_07_AFTERNOON,ORD_017,OPR_017_04,4.0,GRINDING,23.0,2026-09-07T14:23:00,2026-09-07T21:30:00.268800,PLANNED,5337.5560000000005,1530.0993866666668,0.0,369.9166666666667,Selected GRINDER_01 / OP_001 at score 6090.00; setup 23.0 min.,"{""components"": {""alternative_resource_scarcity"": 0.3333333333333333, ""bottleneck_pressure"": 0.4606423079365079, ""changeover_cost"": 369.9166666666667, ""due_date_urgency"": 86.49992533333332, ""lateness_cost"": 0.0, ""machine_cost"": 5337.5560000000005, ""operator_cost"": 1530.0993866666668, ""operator_scarcity"": 0.3333333333333333, ""reliability_risk"": 0.014826544444444445, ""slack"": 86.49992533333332, ""tier_priority"": 2.0, ""utilization_pressure"": 13}, ""score"": 6089.997513333334, ""strategy"": ""CHEAPEST""}"
SLOT_108,CMM_01,CMM_INSPECTION,OP_010,SH_07_NIGHT,ORD_017,OPR_017_05,5.0,INSPECTION,18.0,2026-09-07T22:18:00,2026-09-07T23:53:30.240000,PLANNED,636.6933333333333,135.2973333333333,67.64866666666666,145.5,Selected CMM_01 / OP_010 at score 816.02; setup 18.0 min.,"{""components"": {""alternative_resource_scarcity"": 0.1, ""bottleneck_pressure"": 0.08960261904761904, ""changeover_cost"": 145.5, ""due_date_urgency"": 84.10826666666667, ""lateness_cost"": 0.0, ""machine_cost"": 636.6933333333333, ""operator_cost"": 135.2973333333333, ""operator_scarcity"": 0.1, ""reliability_risk"": 0.0013264444444444443, ""slack"": 84.10826666666667, ""tier_priority"": 2.0, ""utilization_pressure"": 13}, ""score"": 816.0176666666666, ""strategy"": ""CHEAPEST""}"
SLOT_109,GRINDER_01,GRINDER,OP_001,SH_02_AFTERNOON,ORD_018,OPR_018_04,4.0,GRINDING,23.0,2026-09-02T14:23:00,2026-09-02T21:30:08.130000,PLANNED,5339.19375,1530.568875,0.0,369.9166666666667,Selected GRINDER_01 / OP_001 at score 6091.75; setup 23.0 min.,"{""components"": {""alternative_resource_scarcity"": 0.3333333333333333, ""bottleneck_pressure"": 0.4963569492063492, ""changeover_cost"": 369.9166666666667, ""due_date_urgency"": 110.49774166666667, ""lateness_cost"": 0.0, ""machine_cost"": 5339.19375, ""operator_cost"": 1530.568875, ""operator_scarcity"": 0.3333333333333333, ""reliability_risk"": 0.01483109375, ""slack"": 110.49774166666667, ""tier_priority"": 2.0, ""utilization_pressure"": 14}, ""score"": 6091.752635416667, ""strategy"": ""CHEAPEST""}"
SLOT_110,CMM_01,CMM_INSPECTION,OP_021,SH_02_NIGHT,ORD_018,OPR_018_05,5.0,INSPECTION,18.0,2026-09-02T22:18:00,2026-09-03T00:29:10.500000,PLANNED,874.4999999999999,185.83124999999998,92.91562499999999,145.5,Selected CMM_01 / OP_021 at score 1066.46; setup 18.0 min.,"{""components"": {""alternative_resource_scarcity"": 0.1, ""bottleneck_pressure"": 0.09861087301587301, ""changeover_cost"": 145.5, ""due_date_urgency"": 107.51375, ""lateness_cost"": 0.0, ""machine_cost"": 874.4999999999999, ""operator_cost"": 185.83124999999998, ""operator_scarcity"": 0.1, ""reliability_risk"": 0.001821875, ""slack"": 107.51375, ""tier_priority"": 2.0, ""utilization_pressure"": 14}, ""score"": 1066.4578124999998, ""strategy"": ""CHEAPEST""}"
SLOT_111,GRINDER_01,GRINDER,OP_001,SH_02_NIGHT,ORD_022,OPR_022_04,4.0,GRINDING,23.0,2026-09-02T22:23:00,2026-09-03T05:30:39.172800,PLANNED,5345.661,1532.42282,1532.42282,369.9166666666667,Selected GRINDER_01 / OP_001 at score 6098.68; setup 23.0 min.,"{""components"": {""alternative_resource_scarcity"": 0.3333333333333333, ""bottleneck_pressure"": 0.5320819888888889, ""changeover_cost"": 369.9166666666667, ""due_date_urgency"": 78.48911866666667, ""lateness_cost"": 0.0, ""machine_cost"": 5345.661, ""operator_cost"": 1532.42282, ""operator_scarcity"": 0.3333333333333333, ""reliability_risk"": 0.014849058333333333, ""slack"": 78.48911866666667, ""tier_priority"": 3.0, ""utilization_pressure"": 15}, ""score"": 6098.683371666667, ""strategy"": ""CHEAPEST""}"
SLOT_112,CMM_01,CMM_INSPECTION,OP_009,SH_03_MORNING,ORD_022,OPR_022_05,5.0,INSPECTION,18.0,2026-09-03T06:18:00,2026-09-03T07:14:13.920000,PLANNED,374.88,79.662,0.0,145.5,Selected CMM_01 / OP_009 at score 540.30; setup 18.0 min.,"{""components"": {""alternative_resource_scarcity"": 0.1, ""bottleneck_pressure"": 0.11045015873015873, ""changeover_cost"": 145.5, ""due_date_urgency"": 76.7628, ""lateness_cost"": 0.0, ""machine_cost"": 374.88, ""operator_cost"": 79.662, ""operator_scarcity"": 0.1, ""reliability_risk"": 0.0007810000000000001, ""slack"": 76.7628, ""tier_priority"": 3.0, ""utilization_pressure"": 15}, ""score"": 540.2955, ""strategy"": ""CHEAPEST""}"
SLOT_113,GRINDER_01,GRINDER,OP_001,SH_03_MORNING,ORD_010,OPR_010_04,4.0,GRINDING,23.0,2026-09-03T06:23:00,2026-09-03T13:32:58.903200,PLANNED,5374.7715,1540.76783,0.0,369.9166666666667,Selected GRINDER_01 / OP_001 at score 6129.88; setup 23.0 min.,"{""components"": {""alternative_resource_scarcity"": 0.3333333333333333, ""bottleneck_pressure"": 0.5678480904761904, ""changeover_cost"": 369.9166666666667, ""due_date_urgency"": 130.45030466666665, ""lateness_cost"": 0.0, ""machine_cost"": 5374.7715, ""operator_cost"": 1540.76783, ""operator_scarcity"": 0.3333333333333333, ""reliability_risk"": 0.014929920833333334, ""slack"": 130.45030466666665, ""tier_priority"": 2.0, ""utilization_pressure"": 16}, ""score"": 6129.880124166666, ""strategy"": ""CHEAPEST""}"
SLOT_114,CMM_01,CMM_INSPECTION,OP_009,SH_03_AFTERNOON,ORD_010,OPR_010_05,5.0,INSPECTION,18.0,2026-09-03T14:18:00,2026-09-03T14:58:06.240000,PLANNED,267.36,56.814,0.0,145.5,Selected CMM_01 / OP_009 at score 427.06; setup 18.0 min.,"{""components"": {""alternative_resource_scarcity"": 0.1, ""bottleneck_pressure"": 0.11634158730158731, ""changeover_cost"": 145.5, ""due_date_urgency"": 129.0316, ""lateness_cost"": 0.0, ""machine_cost"": 267.36, ""operator_cost"": 56.814, ""operator_scarcity"": 0.1, ""reliability_risk"": 0.000557, ""slack"": 129.0316, ""tier_priority"": 2.0, ""utilization_pressure"": 16}, ""score"": 427.06350000000003, ""strategy"": ""CHEAPEST""}"
SLOT_115,GRINDER_01,GRINDER,OP_001,SH_08_AFTERNOON,ORD_009,OPR_009_05,5.0,GRINDING,23.0,2026-09-08T14:23:00,2026-09-08T21:33:06.173400,PLANNED,5376.286125,1541.2020224999999,0.0,369.9166666666667,Selected GRINDER_01 / OP_001 at score 6131.50; setup 23.0 min.,"{""components"": {""alternative_resource_scarcity"": 0.3333333333333333, ""bottleneck_pressure"": 0.6037990206349206, ""changeover_cost"": 369.9166666666667, ""due_date_urgency"": 2.448285166666667, ""lateness_cost"": 0.0, ""machine_cost"": 5376.286125, ""operator_cost"": 1541.2020224999999, ""operator_scarcity"": 0.3333333333333333, ""reliability_risk"": 0.014934128125, ""slack"": 2.448285166666667, ""tier_priority"": 2.0, ""utilization_pressure"": 17}, ""score"": 6131.503297291666, ""strategy"": ""CHEAPEST""}"
SLOT_116,CMM_01,CMM_INSPECTION,OP_010,SH_08_NIGHT,ORD_009,OPR_009_06,6.0,INSPECTION,18.0,2026-09-08T22:18:00,2026-09-09T00:15:27.180000,PLANNED,783.0200000000001,166.39175,83.195875,145.5,Selected CMM_01 / OP_010 at score 1044.54; setup 18.0 min.,"{""components"": {""alternative_resource_scarcity"": 0.1, ""bottleneck_pressure"": 0.12095301587301586, ""changeover_cost"": 145.5, ""due_date_urgency"": 0.0, ""lateness_cost"": 74.420453611875, ""machine_cost"": 783.0200000000001, ""operator_cost"": 166.39175, ""operator_scarcity"": 0.1, ""reliability_risk"": 0.001631291666666667, ""slack"": 0.0, ""tier_priority"": 2.0, ""utilization_pressure"": 17}, ""score"": 1044.5383911118752, ""strategy"": ""CHEAPEST""}"
SLOT_117,GRINDER_01,GRINDER,OP_001,SH_08_NIGHT,ORD_006,OPR_006_04,4.0,GRINDING,23.0,2026-09-08T22:23:00,2026-09-09T05:33:36.994800,PLANNED,5382.70725,1543.0427450000002,1543.0427450000002,369.9166666666667,Selected GRINDER_01 / OP_001 at score 6138.38; setup 23.0 min.,"{""components"": {""alternative_resource_scarcity"": 0.3333333333333333, ""bottleneck_pressure"": 0.6397595674603175, ""changeover_cost"": 369.9166666666667, ""due_date_urgency"": 186.43972366666668, ""lateness_cost"": 0.0, ""machine_cost"": 5382.70725, ""operator_cost"": 1543.0427450000002, ""operator_scarcity"": 0.3333333333333333, ""reliability_risk"": 0.014951964583333335, ""slack"": 186.43972366666668, ""tier_priority"": 1.0, ""utilization_pressure"": 18}, ""score"": 6138.384602916667, ""strategy"": ""CHEAPEST""}"
SLOT_118,CMM_01,CMM_INSPECTION,OP_002,SH_09_MORNING,ORD_006,OPR_006_05,5.0,INSPECTION,18.0,2026-09-09T06:18:00,2026-09-09T06:47:05.700000,PLANNED,193.96666666666667,41.21791666666667,0.0,145.5,Selected CMM_01 / OP_002 at score 349.77; setup 18.0 min.,"{""components"": {""alternative_resource_scarcity"": 0.1, ""bottleneck_pressure"": 0.13170325396825397, ""changeover_cost"": 145.5, ""due_date_urgency"": 185.21508333333335, ""lateness_cost"": 0.0, ""machine_cost"": 193.96666666666667, ""operator_cost"": 41.21791666666667, ""operator_scarcity"": 0.1, ""reliability_risk"": 0.00040409722222222225, ""slack"": 185.21508333333335, ""tier_priority"": 1.0, ""utilization_pressure"": 18}, ""score"": 349.7711458333333, ""strategy"": ""CHEAPEST""}"
SLOT_119,GRINDER_01,GRINDER,OP_001,SH_09_MORNING,ORD_020,OPR_020_04,4.0,GRINDING,23.0,2026-09-09T06:23:00,2026-09-09T13:30:20.280000,PLANNED,5341.725,1531.2945,0.0,369.9166666666667,Selected GRINDER_01 / OP_001 at score 9564.48; setup 23.0 min.,"{""components"": {""alternative_resource_scarcity"": 0.3333333333333333, ""bottleneck_pressure"": 0.6757608833333333, ""changeover_cost"": 369.9166666666667, ""due_date_urgency"": 0.0, ""lateness_cost"": 3470.0172751788195, ""machine_cost"": 5341.725, ""operator_cost"": 1531.2945, ""operator_scarcity"": 0.3333333333333333, ""reliability_risk"": 0.014838125, ""slack"": 0.0, ""tier_priority"": 1.0, ""utilization_pressure"": 19}, ""score"": 9564.482566845487, ""strategy"": ""CHEAPEST""}"
SLOT_120,CMM_01,CMM_INSPECTION,OP_002,SH_09_AFTERNOON,ORD_020,OPR_020_05,5.0,INSPECTION,18.0,2026-09-09T14:18:00,2026-09-09T15:02:24,PLANNED,296.0,62.9,0.0,145.5,Selected CMM_01 / OP_002 at score 3981.85; setup 18.0 min.,"{""components"": {""alternative_resource_scarcity"": 0.1, ""bottleneck_pressure"": 0.13544095238095238, ""changeover_cost"": 145.5, ""due_date_urgency"": 0.0, ""lateness_cost"": 3524.6221083333335, ""machine_cost"": 296.0, ""operator_cost"": 62.9, ""operator_scarcity"": 0.1, ""reliability_risk"": 0.0006166666666666667, ""slack"": 0.0, ""tier_priority"": 1.0, ""utilization_pressure"": 19}, ""score"": 3981.8471083333334, ""strategy"": ""CHEAPEST""}"
SLOT_121,GRINDER_01,GRINDER,OP_001,SH_09_AFTERNOON,ORD_024,OPR_024_05,5.0,GRINDING,23.0,2026-09-09T14:23:00,2026-09-09T21:32:43.729200,PLANNED,5371.61025,1539.861605,0.0,369.9166666666667,Selected GRINDER_01 / OP_001 at score 11980.13; setup 23.0 min.,"{""components"": {""alternative_resource_scarcity"": 0.3333333333333333, ""bottleneck_pressure"": 0.7115019944444444, ""changeover_cost"": 369.9166666666667, ""due_date_urgency"": 0.0, ""lateness_cost"": 5853.640293853611, ""machine_cost"": 5371.61025, ""operator_cost"": 1539.861605, ""operator_scarcity"": 0.3333333333333333, ""reliability_risk"": 0.014921139583333333, ""slack"": 0.0, ""tier_priority"": 2.0, ""utilization_pressure"": 20}, ""score"": 11980.132611770277, ""strategy"": ""CHEAPEST""}"
SLOT_122,CMM_01,CMM_INSPECTION,OP_010,SH_09_NIGHT,ORD_024,OPR_024_06,6.0,INSPECTION,18.0,2026-09-09T22:18:00,2026-09-09T22:49:29.040000,PLANNED,209.89333333333332,44.60233333333333,22.301166666666663,145.5,Selected CMM_01 / OP_010 at score 6291.13; setup 18.0 min.,"{""components"": {""alternative_resource_scarcity"": 0.1, ""bottleneck_pressure"": 0.14039333333333334, ""changeover_cost"": 145.5, ""due_date_urgency"": 0.0, ""lateness_cost"": 5924.588731277778, ""machine_cost"": 209.89333333333332, ""operator_cost"": 44.60233333333333, ""operator_scarcity"": 0.1, ""reliability_risk"": 0.00043727777777777775, ""slack"": 0.0, ""tier_priority"": 2.0, ""utilization_pressure"": 20}, ""score"": 6291.132647944444, ""strategy"": ""CHEAPEST""}"
SLOT_123,GRINDER_01,GRINDER,OP_001,SH_09_NIGHT,ORD_019,OPR_019_05,5.0,GRINDING,23.0,2026-09-09T22:23:00,2026-09-10T05:34:58.853400,PLANNED,5399.761125,1547.9315225,1547.9315225,369.9166666666667,Selected GRINDER_01 / OP_001 at score 16519.85; setup 23.0 min.,"{""components"": {""alternative_resource_scarcity"": 0.3333333333333333, ""bottleneck_pressure"": 0.7474328531746033, ""changeover_cost"": 369.9166666666667, ""due_date_urgency"": 0.0, ""lateness_cost"": 10363.186934641868, ""machine_cost"": 5399.761125, ""operator_cost"": 1547.9315225, ""operator_scarcity"": 0.3333333333333333, ""reliability_risk"": 0.014999336458333332, ""slack"": 0.0, ""tier_priority"": 1.0, ""utilization_pressure"": 21}, ""score"": 16519.847606933534, ""strategy"": ""CHEAPEST""}"
SLOT_124,CMM_01,CMM_INSPECTION,OP_002,SH_10_MORNING,ORD_019,OPR_019_06,6.0,INSPECTION,18.0,2026-09-10T06:18:00,2026-09-10T08:49:16.500000,PLANNED,1008.5000000000001,214.30625,0.0,145.5,Selected CMM_01 / OP_002 at score 11921.86; setup 18.0 min.,"{""components"": {""alternative_resource_scarcity"": 0.1, ""bottleneck_pressure"": 0.1443206349206349, ""changeover_cost"": 145.5, ""due_date_urgency"": 0.0, ""lateness_cost"": 10714.278982000002, ""machine_cost"": 1008.5000000000001, ""operator_cost"": 214.30625, ""operator_scarcity"": 0.1, ""reliability_risk"": 0.002101041666666667, ""slack"": 0.0, ""tier_priority"": 1.0, ""utilization_pressure"": 21}, ""score"": 11921.855544500002, ""strategy"": ""CHEAPEST""}"
SLOT_125,GRINDER_01,GRINDER,OP_001,SH_10_MORNING,ORD_016,OPR_016_04,4.0,GRINDING,23.0,2026-09-10T06:23:00,2026-09-10T13:32:24.980400,PLANNED,5367.704250000001,1538.7418850000001,0.0,369.9166666666667,Selected GRINDER_01 / OP_001 at score 21403.85; setup 23.0 min.,"{""components"": {""alternative_resource_scarcity"": 0.3333333333333333, ""bottleneck_pressure"": 0.7835424476190477, ""changeover_cost"": 369.9166666666667, ""due_date_urgency"": 0.0, ""lateness_cost"": 15281.542257792715, ""machine_cost"": 5367.704250000001, ""operator_cost"": 1538.7418850000001, ""operator_scarcity"": 0.3333333333333333, ""reliability_risk"": 0.014910289583333333, ""slack"": 0.0, ""tier_priority"": 2.0, ""utilization_pressure"": 22}, ""score"": 21403.848645709382, ""strategy"": ""CHEAPEST""}"
SLOT_126,CMM_01,CMM_INSPECTION,OP_002,SH_10_AFTERNOON,ORD_016,OPR_016_05,5.0,INSPECTION,18.0,2026-09-10T14:18:00,2026-09-10T16:08:36.960000,PLANNED,737.4399999999999,156.706,0.0,145.5,Selected CMM_01 / OP_002 at score 16668.74; setup 18.0 min.,"{""components"": {""alternative_resource_scarcity"": 0.1, ""bottleneck_pressure"": 0.15775515873015872, ""changeover_cost"": 145.5, ""due_date_urgency"": 0.0, ""lateness_cost"": 15746.619824930001, ""machine_cost"": 737.4399999999999, ""operator_cost"": 156.706, ""operator_scarcity"": 0.1, ""reliability_risk"": 0.0015363333333333333, ""slack"": 0.0, ""tier_priority"": 2.0, ""utilization_pressure"": 22}, ""score"": 16668.73632493, ""strategy"": ""CHEAPEST""}"
SLOT_127,GRINDER_01,GRINDER,OP_001,SH_10_AFTERNOON,ORD_008,OPR_008_04,4.0,GRINDING,23.0,2026-09-10T14:23:00,2026-09-10T21:31:38.712600,PLANNED,5358.065124999999,1535.9786691666666,0.0,369.9166666666667,Selected GRINDER_01 / OP_001 at score 24817.88; setup 23.0 min.,"{""components"": {""alternative_resource_scarcity"": 0.3333333333333333, ""bottleneck_pressure"": 0.8194485063492063, ""changeover_cost"": 369.9166666666667, ""due_date_urgency"": 0.0, ""lateness_cost"": 18705.898833289753, ""machine_cost"": 5358.065124999999, ""operator_cost"": 1535.9786691666666, ""operator_scarcity"": 0.3333333333333333, ""reliability_risk"": 0.01488351423611111, ""slack"": 0.0, ""tier_priority"": 3.0, ""utilization_pressure"": 23}, ""score"": 24817.875292248085, ""strategy"": ""CHEAPEST""}"
SLOT_128,CMM_01,CMM_INSPECTION,OP_010,SH_10_NIGHT,ORD_008,OPR_008_05,5.0,INSPECTION,18.0,2026-09-10T22:18:00,2026-09-10T23:00:41.580000,PLANNED,284.62,60.48175,30.240875,145.5,Selected CMM_01 / OP_010 at score 19365.47; setup 18.0 min.,"{""components"": {""alternative_resource_scarcity"": 0.1, ""bottleneck_pressure"": 0.16796277777777777, ""changeover_cost"": 145.5, ""due_date_urgency"": 0.0, ""lateness_cost"": 18920.231694100836, ""machine_cost"": 284.62, ""operator_cost"": 60.48175, ""operator_scarcity"": 0.1, ""reliability_risk"": 0.0005929583333333334, ""slack"": 0.0, ""tier_priority"": 3.0, ""utilization_pressure"": 23}, ""score"": 19365.472131600836, ""strategy"": ""CHEAPEST""}"
SLOT_129,GRINDER_01,GRINDER,OP_001,SH_10_NIGHT,ORD_021,OPR_021_04,4.0,GRINDING,23.0,2026-09-10T22:23:00,2026-09-11T05:26:15.788400,PLANNED,5290.78925,1516.6929183333334,1516.6929183333334,369.9166666666667,Selected GRINDER_01 / OP_001 at score 31843.38; setup 23.0 min.,"{""components"": {""alternative_resource_scarcity"": 0.3333333333333333, ""bottleneck_pressure"": 0.8552933642857142, ""changeover_cost"": 369.9166666666667, ""due_date_urgency"": 0.0, ""lateness_cost"": 25803.501405568022, ""machine_cost"": 5290.78925, ""operator_cost"": 1516.6929183333334, ""operator_scarcity"": 0.3333333333333333, ""reliability_risk"": 0.014696636805555555, ""slack"": 0.0, ""tier_priority"": 1.0, ""utilization_pressure"": 24}, ""score"": 31843.380551818023, ""strategy"": ""CHEAPEST""}"
SLOT_130,CMM_01,CMM_INSPECTION,OP_002,SH_11_MORNING,ORD_021,OPR_021_05,5.0,INSPECTION,18.0,2026-09-11T06:18:00,2026-09-11T08:52:51.360000,PLANNED,1032.3733333333332,219.37933333333334,0.0,145.5,Selected CMM_01 / OP_002 at score 27586.57; setup 18.0 min.,"{""components"": {""alternative_resource_scarcity"": 0.1, ""bottleneck_pressure"": 0.17277968253968254, ""changeover_cost"": 145.5, ""due_date_urgency"": 0.0, ""lateness_cost"": 26353.84977793222, ""machine_cost"": 1032.3733333333332, ""operator_cost"": 219.37933333333334, ""operator_scarcity"": 0.1, ""reliability_risk"": 0.002150777777777778, ""slack"": 0.0, ""tier_priority"": 1.0, ""utilization_pressure"": 24}, ""score"": 27586.567944598886, ""strategy"": ""CHEAPEST""}"
